,照片 Picture,品牌 Brand,衣服長度 Clothes Length,服裝部位 Clothing Part,上半身 衣服種類 Top Clothing Type,下半身衣服種類 Bottom Clothing Type,價格 Price
0,image_00000.jpg,H&M,短 short,上半身 Top,T-Shirt,,499
1,image_00001.jpg,H&M,長 long,上半身 Top,Shirt,,999
2,image_00002.jpg,H&M,長 long,洋裝 Dress,,,699
3,image_00003.jpg,H&M,長 long,下半身 Bottom,,西裝褲 dress pants,999
4,image_00004.jpg,H&M,長 long,下半身 Bottom,,工裝褲/裙 cargo pants/skirt,699
5,image_00005.jpg,H&M,短 short,下半身 Bottom,,百褶裙 pleated skirt,499
6,image_00006.jpg,H&M,短 short,上半身 Top,T-Shirt,,349
7,image_00007.jpg,H&M,短 short,上半身 Top,T-Shirt,,299
8,image_00008.jpg,H&M,短 short,下半身 Bottom,,運動褲/裙 sweat pants / sports skirt,299
9,image_00009.jpg,H&M,長 long,洋裝 Dress,,,699
10,image_00010.jpg,H&M,長 long,下半身 Bottom,,緊身褲 leggings,699
11,image_00011.jpg,H&M,長 long,下半身 Bottom,,緊身褲 leggings,649
12,image_00012.jpg,H&M,短 short,上半身 Top,背心 Vest,,1499
13,image_00013.jpg,H&M,短 short,下半身 Bottom,,休閒褲/裙 casual pants/skirt,899
14,image_00014.jpg,H&M,短 short,上半身 Top,T-Shirt,,249
15,image_00015.jpg,H&M,短 short,上半身 Top,背心 Vest,,349
16,image_00016.jpg,H&M,長 long,洋裝 Dress,,,699
17,image_00017.jpg,H&M,短 short,上半身 Top,T-Shirt,,349
18,image_00018.jpg,H&M,短 short,上半身 Top,T-Shirt,,449
19,image_00019.jpg,H&M,短 short,上半身 Top,T-Shirt,,449
20,image_00020.jpg,H&M,短 short,上半身 Top,T-Shirt,,449
21,image_00021.jpg,H&M,短 short,上半身 Top,T-Shirt,,449
22,image_00022.jpg,H&M,短 short,上半身 Top,T-Shirt,,449
23,image_00023.jpg,H&M,短 short,上半身 Top,T-Shirt,,499
24,image_00024.jpg,H&M,短 short,上半身 Top,T-Shirt,,499
25,image_00025.jpg,H&M,短 short,上半身 Top,T-Shirt,,499
26,image_00026.jpg,H&M,短 short,上半身 Top,T-Shirt,,499
27,image_00027.jpg,H&M,短 short,上半身 Top,T-Shirt,,199
28,image_00028.jpg,H&M,長 long,下半身 Bottom,,緊身褲 leggings,649
29,image_00029.jpg,H&M,短 short,洋裝 Dress,,,1499
30,image_00030.jpg,H&M,短 short,洋裝 Dress,,,999
31,image_00031.jpg,H&M,短 short,下半身 Bottom,,休閒褲/裙 casual pants/skirt,699
32,image_00032.jpg,H&M,長 long,下半身 Bottom,,牛仔褲/裙 jeans / demi skirt,3499
33,image_00033.jpg,H&M,長 long,上半身 Top,外套 Jacket,,1799
34,image_00034.jpg,H&M,長 long,下半身 Bottom,,西裝褲 dress pants,499
35,image_00035.jpg,H&M,長 long,下半身 Bottom,,牛仔褲/裙 jeans / demi skirt,799
36,image_00036.jpg,H&M,長 long,下半身 Bottom,,牛仔褲/裙 jeans / demi skirt,699
37,image_00037.jpg,H&M,短 short,上半身 Top,T-Shirt,,179
38,image_00038.jpg,H&M,短 short,洋裝 Dress,,,999
39,image_00039.jpg,H&M,短 short,洋裝 Dress,,,999
40,image_00040.jpg,H&M,長 long,上半身 Top,Shirt,,599
41,image_00041.jpg,H&M,短 short,下半身 Bottom,,牛仔褲/裙 jeans / demi skirt,499
42,image_00042.jpg,H&M,長 long,上半身 Top,毛衣 Sweater,,349
43,image_00043.jpg,H&M,長 long,上半身 Top,毛衣 Sweater,,349
44,image_00044.jpg,H&M,長 long,上半身 Top,毛衣 Sweater,,999
45,image_00045.jpg,H&M,長 long,上半身 Top,毛衣 Sweater,,399
46,image_00046.jpg,H&M,短 short,上半身 Top,"Shirt, 背心 Vest",,699
47,image_00047.jpg,H&M,短 short,上半身 Top,"Shirt, 背心 Vest",,999
48,image_00048.jpg,H&M,長 long,上半身 Top,毛衣 Sweater,,399
49,image_00049.jpg,H&M,長 long,上半身 Top,外套 Jacket,,1799
50,image_00050.jpg,H&M,長 long,上半身 Top,外套 Jacket,,1299
51,image_00051.jpg,H&M,長 long,下半身 Bottom,,休閒褲/裙 casual pants/skirt,2499
52,image_00052.jpg,H&M,短 short,洋裝 Dress,,,899
53,image_00053.jpg,H&M,長 long,下半身 Bottom,,工裝褲/裙 cargo pants/skirt,899
54,image_00054.jpg,H&M,長 long,下半身 Bottom,,牛仔褲/裙 jeans / demi skirt,1299
55,image_00055.jpg,H&M,長 long,下半身 Bottom,,西裝褲 dress pants,999
56,image_00056.jpg,H&M,短 short,下半身 Bottom,,休閒褲/裙 casual pants/skirt,899
57,image_00057.jpg,H&M,長 long,上半身 Top,毛衣 Sweater,,799
58,image_00058.jpg,H&M,長 long,上半身 Top,毛衣 Sweater,,599
59,image_00059.jpg,H&M,長 long,下半身 Bottom,,牛仔褲/裙 jeans / demi skirt,699
60,image_00060.jpg,H&M,長 long,下半身 Bottom,,牛仔褲/裙 jeans / demi skirt,999
61,image_00061.jpg,H&M,長 long,上半身 Top,"連帽衣 Hoodie, 外套 Jacket",,649
62,image_00062.jpg,H&M,短 short,上半身 Top,T-Shirt,,199
63,image_00063.jpg,H&M,短 short,上半身 Top,T-Shirt,,199
64,image_00064.jpg,H&M,長 long,下半身 Bottom,,運動褲/裙 sweat pants / sports skirt,649
65,image_00065.jpg,H&M,短 short,上半身 Top,背心 Vest,,249
66,image_00066.jpg,H&M,短 short,上半身 Top,背心 Vest,,249
67,image_00067.jpg,H&M,短 short,上半身 Top,T-Shirt,,599
68,image_00068.jpg,H&M,短 short,洋裝 Dress,,,999
69,image_00069.jpg,H&M,短 short,上半身 Top,T-Shirt,,199
70,image_00070.jpg,H&M,長 long,下半身 Bottom,,牛仔褲/裙 jeans / demi skirt,999
71,image_00071.jpg,H&M,短 short,上半身 Top,T-Shirt,,249
72,image_00072.jpg,H&M,短 short,上半身 Top,T-Shirt,,249
73,image_00073.jpg,H&M,短 short,洋裝 Dress,,,899
74,image_00074.jpg,H&M,短 short,洋裝 Dress,,,899
75,image_00075.jpg,H&M,短 short,洋裝 Dress,,,899
76,image_00076.jpg,H&M,短 short,洋裝 Dress,,,899
77,image_00077.jpg,H&M,短 short,洋裝 Dress,,,699
78,image_00078.jpg,H&M,短 short,上半身 Top,T-Shirt,,179
79,image_00079.jpg,H&M,長 long,上半身 Top,毛衣 Sweater,,1299
80,image_00080.jpg,H&M,長 long,上半身 Top,毛衣 Sweater,,499
81,image_00081.jpg,H&M,長 long,上半身 Top,"Shirt, 毛衣 Sweater",,1299
82,image_00082.jpg,Net,長 long,上半身 Top,T-Shirt,,419
83,image_00083.jpg,Net,長 long,上半身 Top,T-Shirt,,279
84,image_00084.jpg,Net,長 long,上半身 Top,網紗 Mesh,,439
85,image_00085.jpg,Net,長 long,上半身 Top,T-Shirt,,459
86,image_00086.jpg,Net,長 long,上半身 Top,"T-Shirt, 連帽衣 Hoodie",,329
87,image_00087.jpg,Net,長 long,上半身 Top,T-Shirt,,299
88,image_00088.jpg,Net,長 long,上半身 Top,T-Shirt,,589
89,image_00089.jpg,Net,長 long,上半身 Top,T-Shirt,,220
90,image_00090.jpg,Net,長 long,上半身 Top,T-Shirt,,299
91,image_00091.jpg,Net,長 long,上半身 Top,T-Shirt,,229
92,image_00092.jpg,Net,短 short,上半身 Top,"背心 Vest, 連帽衣 Hoodie",,899
93,image_00093.jpg,Net,長 long,上半身 Top,T-Shirt,,499
94,image_00094.jpg,Net,長 long,上半身 Top,網紗 Mesh,,499
95,image_00095.jpg,Net,長 long,上半身 Top,T-Shirt,,359
96,image_00096.jpg,Net,長 long,上半身 Top,T-Shirt,,289
97,image_00097.jpg,Net,長 long,上半身 Top,T-Shirt,,399
98,image_00098.jpg,Net,長 long,上半身 Top,Shirt,,349
99,image_00099.jpg,Net,長 long,上半身 Top,T-Shirt,,459
100,image_00100.jpg,Net,短 short,上半身 Top,T-Shirt,,379
101,image_00101.jpg,Net,長 long,上半身 Top,T-Shirt,,359
102,image_00102.jpg,Net,長 long,上半身 Top,T-Shirt,,189
103,image_00103.jpg,Net,短 short,上半身 Top,背心 Vest,,799
104,image_00104.jpg,Net,長 long,上半身 Top,T-Shirt,,539
105,image_00105.jpg,Net,長 long,上半身 Top,T-Shirt,,499
106,image_00106.jpg,Net,長 long,上半身 Top,T-Shirt,,120
107,image_00107.jpg,Net,長 long,上半身 Top,T-Shirt,,699
108,image_00108.jpg,Net,長 long,上半身 Top,"T-Shirt, 網紗 Mesh",,499
109,image_00109.jpg,Net,長 long,上半身 Top,T-Shirt,,499
110,image_00110.jpg,Net,長 long,上半身 Top,T-Shirt,,659
111,image_00111.jpg,Net,長 long,上半身 Top,T-Shirt,,299
112,image_00112.jpg,Net,長 long,上半身 Top,T-Shirt,,499
113,image_00113.jpg,Net,長 long,上半身 Top,連帽衣 Hoodie,,399
114,image_00114.jpg,Net,長 long,上半身 Top,T-Shirt,,399
115,image_00115.jpg,Net,長 long,上半身 Top,連帽衣 Hoodie,,459
116,image_00116.jpg,Net,長 long,上半身 Top,T-Shirt,,459
117,image_00117.jpg,Net,長 long,上半身 Top,T-Shirt,,299
118,image_00118.jpg,Net,長 long,上半身 Top,T-Shirt,,359
119,image_00119.jpg,Net,長 long,上半身 Top,T-Shirt,,379
120,image_00120.jpg,Net,長 long,上半身 Top,T-Shirt,,299
121,image_00121.jpg,Net,長 long,上半身 Top,T-Shirt,,499
122,image_00122.jpg,Net,長 long,上半身 Top,Shirt,,439
123,image_00123.jpg,Net,長 long,上半身 Top,Shirt,,459
124,image_00124.jpg,Net,短 short,上半身 Top,Shirt,,399
125,image_00125.jpg,Net,長 long,上半身 Top,Shirt,,439
126,image_00126.jpg,Net,長 long,上半身 Top,Shirt,,459
127,image_00127.jpg,Net,長 long,上半身 Top,Shirt,,459
128,image_00128.jpg,Net,長 long,上半身 Top,Shirt,,399
129,image_00129.jpg,Net,長 long,上半身 Top,"Shirt, 連帽衣 Hoodie",,359
130,image_00130.jpg,Net,長 long,上半身 Top,Shirt,,449
131,image_00131.jpg,Net,長 long,上半身 Top,Shirt,,499
132,image_00132.jpg,Net,長 long,上半身 Top,Shirt,,499
133,image_00133.jpg,Net,長 long,上半身 Top,Shirt,,479
134,image_00134.jpg,Net,長 long,上半身 Top,T-Shirt,,439
135,image_00135.jpg,Net,長 long,上半身 Top,Shirt,,379
136,image_00136.jpg,Net,長 long,上半身 Top,T-Shirt,,399
137,image_00137.jpg,Net,長 long,上半身 Top,Shirt,,479
138,image_00138.jpg,Net,長 long,上半身 Top,Shirt,,499
139,image_00139.jpg,Net,長 long,上半身 Top,Shirt,,579
140,image_00140.jpg,Net,長 long,上半身 Top,Shirt,,359
141,image_00141.jpg,Net,長 long,上半身 Top,Shirt,,399
142,image_00142.jpg,Net,長 long,上半身 Top,Shirt,,459
143,image_00143.jpg,Net,長 long,上半身 Top,Shirt,,449
144,image_00144.jpg,Net,長 long,上半身 Top,Shirt,,499
145,image_00145.jpg,Net,短 short,上半身 Top,Shirt,,359
146,image_00146.jpg,Net,長 long,上半身 Top,Shirt,,499
147,image_00147.jpg,Net,長 long,上半身 Top,"Shirt, 連帽衣 Hoodie",,459
148,image_00148.jpg,Net,長 long,上半身 Top,Shirt,,459
149,image_00149.jpg,Net,長 long,上半身 Top,Shirt,,499
150,image_00150.jpg,Net,長 long,上半身 Top,Shirt,,399
151,image_00151.jpg,Net,長 long,上半身 Top,Shirt,,359
152,image_00152.jpg,Net,短 short,上半身 Top,Shirt,,269
153,image_00153.jpg,Net,短 short,上半身 Top,Shirt,,159
154,image_00154.jpg,Net,短 short,上半身 Top,Shirt,,399
155,image_00155.jpg,Net,短 short,上半身 Top,Shirt,,299
156,image_00156.jpg,Net,短 short,上半身 Top,Shirt,,399
157,image_00157.jpg,Net,短 short,上半身 Top,Shirt,,399
158,image_00158.jpg,Net,短 short,上半身 Top,Shirt,,359
159,image_00159.jpg,Net,短 short,上半身 Top,Shirt,,259
160,image_00160.jpg,Net,短 short,上半身 Top,Shirt,,499
161,image_00161.jpg,Net,短 short,上半身 Top,Shirt,,399
162,image_00162.jpg,Uniqlo,長 long,上半身 Top,T-Shirt,,590
163,image_00163.jpg,Uniqlo,長 long,上半身 Top,T-Shirt,,590
164,image_00164.jpg,Uniqlo,長 long,上半身 Top,"T-Shirt, 毛衣 Sweater",,1290
165,image_00165.jpg,Uniqlo,長 long,上半身 Top,T-Shirt,,590
166,image_00166.jpg,Uniqlo,長 long,上半身 Top,"Shirt, 毛衣 Sweater",,790
167,image_00167.jpg,Uniqlo,短 short,上半身 Top,T-Shirt,,390
168,image_00168.jpg,Uniqlo,短 short,上半身 Top,T-Shirt,,390
169,image_00169.jpg,Uniqlo,短 short,上半身 Top,T-Shirt,,390
170,image_00170.jpg,Uniqlo,短 short,上半身 Top,T-Shirt,,390
171,image_00171.jpg,Uniqlo,短 short,上半身 Top,T-Shirt,,590
172,image_00172.jpg,Uniqlo,短 short,上半身 Top,T-Shirt,,390
173,image_00173.jpg,Uniqlo,短 short,上半身 Top,T-Shirt,,390
174,image_00174.jpg,Uniqlo,短 short,上半身 Top,T-Shirt,,390
175,image_00175.jpg,Uniqlo,短 short,上半身 Top,T-Shirt,,390
176,image_00176.jpg,Uniqlo,短 short,上半身 Top,T-Shirt,,390
177,image_00177.jpg,Uniqlo,長 long,上半身 Top,Shirt,,1290
178,image_00178.jpg,Uniqlo,長 long,上半身 Top,Shirt,,1290
179,image_00179.jpg,Uniqlo,長 long,上半身 Top,Shirt,,1290
180,image_00180.jpg,Uniqlo,長 long,上半身 Top,Shirt,,1290
181,image_00181.jpg,Uniqlo,長 long,上半身 Top,Shirt,,1290
182,image_00182.jpg,Uniqlo,長 long,上半身 Top,Shirt,,1290
183,image_00183.jpg,Uniqlo,長 long,上半身 Top,Shirt,,990
184,image_00184.jpg,Uniqlo,長 long,上半身 Top,Shirt,,990
185,image_00185.jpg,Uniqlo,長 long,上半身 Top,Shirt,,990
186,image_00186.jpg,Uniqlo,長 long,上半身 Top,Shirt,,790
187,image_00187.jpg,Uniqlo,長 long,上半身 Top,Shirt,,1290
188,image_00188.jpg,Uniqlo,長 long,上半身 Top,Shirt,,990
189,image_00189.jpg,Uniqlo,長 long,上半身 Top,Shirt,,990
190,image_00190.jpg,Uniqlo,長 long,上半身 Top,Shirt,,790
191,image_00191.jpg,Uniqlo,長 long,上半身 Top,Shirt,,790
192,image_00192.jpg,Uniqlo,長 long,上半身 Top,Shirt,,790
193,image_00193.jpg,Uniqlo,長 long,上半身 Top,Shirt,,790
194,image_00194.jpg,Uniqlo,長 long,上半身 Top,Shirt,,1290
195,image_00195.jpg,Uniqlo,長 long,上半身 Top,Shirt,,1290
196,image_00196.jpg,Uniqlo,長 long,上半身 Top,"T-Shirt, 毛衣 Sweater",,590
197,image_00197.jpg,Uniqlo,長 long,上半身 Top,T-Shirt,,590
198,image_00198.jpg,Uniqlo,長 long,上半身 Top,T-Shirt,,590
199,image_00199.jpg,Uniqlo,長 long,上半身 Top,T-Shirt,,590
200,image_00200.jpg,Uniqlo,長 long,上半身 Top,T-Shirt,,1290
201,image_00201.jpg,Uniqlo,長 long,上半身 Top,T-Shirt,,590
202,image_00202.jpg,Uniqlo,短 short,上半身 Top,T-Shirt,,590
203,image_00203.jpg,Uniqlo,短 short,上半身 Top,T-Shirt,,590
204,image_00204.jpg,Uniqlo,長 long,上半身 Top,"外套 Jacket, 連帽衣 Hoodie",,990
205,image_00205.jpg,Uniqlo,長 long,上半身 Top,連帽衣 Hoodie,,1290
206,image_00206.jpg,Uniqlo,長 long,上半身 Top,連帽衣 Hoodie,,990
207,image_00207.jpg,Uniqlo,長 long,上半身 Top,連帽衣 Hoodie,,990
208,image_00208.jpg,Uniqlo,長 long,上半身 Top,連帽衣 Hoodie,,990
209,image_00209.jpg,Uniqlo,長 long,上半身 Top,連帽衣 Hoodie,,990
210,image_00210.jpg,Uniqlo,長 long,上半身 Top,T-Shirt,,990
211,image_00211.jpg,Uniqlo,長 long,上半身 Top,T-Shirt,,990
212,image_00212.jpg,Uniqlo,長 long,上半身 Top,T-Shirt,,990
213,image_00213.jpg,Uniqlo,長 long,上半身 Top,T-Shirt,,990
214,image_00214.jpg,Uniqlo,長 long,上半身 Top,外套 Jacket,,1290
215,image_00215.jpg,Uniqlo,短 short,上半身 Top,背心 Vest,,790
216,image_00216.jpg,Uniqlo,短 short,上半身 Top,背心 Vest,,790
217,image_00217.jpg,Uniqlo,短 short,上半身 Top,背心 Vest,,790
218,image_00218.jpg,Uniqlo,短 short,上半身 Top,背心 Vest,,790
219,image_00219.jpg,Uniqlo,短 short,上半身 Top,背心 Vest,,790
220,image_00220.jpg,Uniqlo,短 short,上半身 Top,背心 Vest,,790
221,image_00221.jpg,Uniqlo,短 short,上半身 Top,背心 Vest,,790
222,image_00222.jpg,Uniqlo,短 short,上半身 Top,背心 Vest,,790
223,image_00223.jpg,Uniqlo,長 long,上半身 Top,外套 Jacket,,1690
224,image_00224.jpg,Uniqlo,長 long,上半身 Top,"外套 Jacket, 連帽衣 Hoodie",,1290
225,image_00225.jpg,Uniqlo,長 long,上半身 Top,"外套 Jacket, 毛衣 Sweater",,1290
226,image_00226.jpg,Uniqlo,長 long,上半身 Top,外套 Jacket,,990
227,image_00227.jpg,Uniqlo,長 long,上半身 Top,"外套 Jacket, 連帽衣 Hoodie",,990
228,image_00228.jpg,Uniqlo,長 long,上半身 Top,"外套 Jacket, 連帽衣 Hoodie",,990
229,image_00229.jpg,Uniqlo,長 long,上半身 Top,"外套 Jacket, 連帽衣 Hoodie",,1290
230,image_00230.jpg,Uniqlo,長 long,上半身 Top,"外套 Jacket, 連帽衣 Hoodie",,1290
231,image_00231.jpg,Uniqlo,長 long,上半身 Top,"外套 Jacket, 連帽衣 Hoodie, 毛衣 Sweater",,1490
232,image_00232.jpg,Uniqlo,長 long,上半身 Top,"外套 Jacket, 連帽衣 Hoodie",,990
233,image_00233.jpg,Uniqlo,長 long,上半身 Top,"外套 Jacket, 連帽衣 Hoodie",,990
234,image_00234.jpg,Uniqlo,長 long,上半身 Top,"外套 Jacket, 連帽衣 Hoodie",,1290
235,image_00235.jpg,Uniqlo,長 long,上半身 Top,"外套 Jacket, 連帽衣 Hoodie",,990
236,image_00236.jpg,Uniqlo,長 long,上半身 Top,"外套 Jacket, 羽絨衣 Down coat / jacket",,3490
237,image_00237.jpg,Uniqlo,短 short,上半身 Top,"背心 Vest, 羽絨衣 Down coat / jacket",,1990
238,image_00238.jpg,Uniqlo,長 long,上半身 Top,"外套 Jacket, 羽絨衣 Down coat / jacket",,1690
239,image_00239.jpg,Uniqlo,短 short,上半身 Top,"背心 Vest, 羽絨衣 Down coat / jacket",,1290
240,image_00240.jpg,Uniqlo,長 long,上半身 Top,"外套 Jacket, 羽絨衣 Down coat / jacket",,1990
241,image_00241.jpg,Uniqlo,長 long,上半身 Top,"外套 Jacket, 羽絨衣 Down coat / jacket",,3490
242,image_00242.jpg,Uniqlo,長 long,上半身 Top,"外套 Jacket, 羽絨衣 Down coat / jacket",,2490
243,image_00243.jpg,Uniqlo,短 short,上半身 Top,"背心 Vest, 羽絨衣 Down coat / jacket",,1490
244,image_00244.jpg,Uniqlo,長 long,上半身 Top,"外套 Jacket, 羽絨衣 Down coat / jacket",,2490
245,image_00245.jpg,Uniqlo,長 long,上半身 Top,"外套 Jacket, 連帽衣 Hoodie, 羽絨衣 Down coat / jacket",,2490
246,image_00246.jpg,Uniqlo,短 short,上半身 Top,"背心 Vest, 羽絨衣 Down coat / jacket",,1990
247,image_00247.jpg,Uniqlo,長 long,上半身 Top,"外套 Jacket, 連帽衣 Hoodie, 毛衣 Sweater",,4990
248,image_00248.jpg,Uniqlo,長 long,上半身 Top,"外套 Jacket, 連帽衣 Hoodie",,3990
249,image_00249.jpg,Uniqlo,長 long,上半身 Top,"外套 Jacket, 毛衣 Sweater",,3490
250,image_00250.jpg,Uniqlo,長 long,上半身 Top,"背心 Vest, 外套 Jacket",,3990
251,image_00251.jpg,Uniqlo,長 long,上半身 Top,"外套 Jacket, 毛衣 Sweater",,3990
252,image_00252.jpg,Uniqlo,長 long,上半身 Top,"外套 Jacket, 連帽衣 Hoodie, 羽絨衣 Down coat / jacket",,4990
253,image_00253.jpg,Uniqlo,長 long,上半身 Top,"外套 Jacket, 連帽衣 Hoodie, 羽絨衣 Down coat / jacket",,3990
254,image_00254.jpg,Uniqlo,長 long,上半身 Top,"外套 Jacket, 羽絨衣 Down coat / jacket",,3490
255,image_00255.jpg,Uniqlo,短 short,上半身 Top,"背心 Vest, 羽絨衣 Down coat / jacket",,1690
256,image_00256.jpg,Uniqlo,長 long,上半身 Top,"外套 Jacket, 羽絨衣 Down coat / jacket",,3490
257,image_00257.jpg,Uniqlo,長 long,上半身 Top,"外套 Jacket, 羽絨衣 Down coat / jacket",,3990
258,image_00258.jpg,Uniqlo,長 long,上半身 Top,"外套 Jacket, 西裝 Suit",,3490
259,image_00259.jpg,Uniqlo,長 long,上半身 Top,"外套 Jacket, 西裝 Suit",,1990
260,image_00260.jpg,Uniqlo,短 short,上半身 Top,Shirt,,790
261,image_00261.jpg,Uniqlo,短 short,上半身 Top,Shirt,,790
262,image_00262.jpg,Uniqlo,長 long,上半身 Top,Shirt,,790
263,image_00263.jpg,Uniqlo,長 long,上半身 Top,Shirt,,1290
264,image_00264.jpg,Uniqlo,長 long,上半身 Top,毛衣 Sweater,,1490
265,image_00265.jpg,Uniqlo,長 long,上半身 Top,毛衣 Sweater,,1490
266,image_00266.jpg,Uniqlo,長 long,上半身 Top,毛衣 Sweater,,1290
267,image_00267.jpg,Uniqlo,長 long,上半身 Top,毛衣 Sweater,,1290
268,image_00268.jpg,Uniqlo,長 long,上半身 Top,"T-Shirt, 毛衣 Sweater",,1290
269,image_00269.jpg,Uniqlo,長 long,上半身 Top,"T-Shirt, 毛衣 Sweater",,3490
270,image_00270.jpg,Uniqlo,長 long,上半身 Top,毛衣 Sweater,,1290
271,image_00271.jpg,Uniqlo,短 short,上半身 Top,"背心 Vest, 毛衣 Sweater",,790
272,image_00272.jpg,Uniqlo,短 short,上半身 Top,T-Shirt,,990
273,image_00273.jpg,Uniqlo,短 short,上半身 Top,"T-Shirt, 毛衣 Sweater",,990
274,image_00274.jpg,Uniqlo,長 long,上半身 Top,"T-Shirt, 毛衣 Sweater",,1490
275,image_00275.jpg,Uniqlo,長 long,上半身 Top,毛衣 Sweater,,990
276,image_00276.jpg,Uniqlo,長 long,上半身 Top,毛衣 Sweater,,990
277,image_00277.jpg,Uniqlo,長 long,上半身 Top,"T-Shirt, 毛衣 Sweater",,990
278,image_00278.jpg,Uniqlo,長 long,上半身 Top,"T-Shirt, 毛衣 Sweater",,990
279,image_00279.jpg,Uniqlo,長 long,上半身 Top,毛衣 Sweater,,990
280,image_00280.jpg,Uniqlo,長 long,上半身 Top,"Shirt, 毛衣 Sweater",,1490
281,image_00281.jpg,Uniqlo,長 long,上半身 Top,毛衣 Sweater,,3990
282,image_00282.jpg,Uniqlo,短 short,上半身 Top,"背心 Vest, 毛衣 Sweater",,1990
283,image_00283.jpg,Uniqlo,長 long,上半身 Top,"外套 Jacket, 毛衣 Sweater",,1690
284,image_00284.jpg,Uniqlo,長 long,上半身 Top,"外套 Jacket, 毛衣 Sweater",,1290
285,image_00285.jpg,Uniqlo,長 long,上半身 Top,"外套 Jacket, 毛衣 Sweater",,1290
286,image_00286.jpg,Uniqlo,長 long,上半身 Top,"外套 Jacket, 毛衣 Sweater",,990
287,image_00287.jpg,Uniqlo,長 long,上半身 Top,"外套 Jacket, 毛衣 Sweater",,990
288,image_00288.jpg,Uniqlo,長 long,上半身 Top,外套 Jacket,,1290
289,image_00289.jpg,Uniqlo,長 long,上半身 Top,"外套 Jacket, 毛衣 Sweater",,3490
290,image_00290.jpg,Uniqlo,長 long,上半身 Top,"外套 Jacket, 毛衣 Sweater",,790
291,image_00291.jpg,Uniqlo,長 long,上半身 Top,"外套 Jacket, 毛衣 Sweater",,990
292,image_00292.jpg,Uniqlo,長 long,下半身 Bottom,,休閒褲/裙 casual pants/skirt,790
293,image_00293.jpg,Uniqlo,長 long,下半身 Bottom,,休閒褲/裙 casual pants/skirt,790
294,image_00294.jpg,Uniqlo,長 long,下半身 Bottom,,休閒褲/裙 casual pants/skirt,990
295,image_00295.jpg,Uniqlo,長 long,上半身 Top,毛衣 Sweater,,1290
296,image_00296.jpg,Uniqlo,短 short,下半身 Bottom,,休閒褲/裙 casual pants/skirt,990
297,image_00297.jpg,Uniqlo,長 long,下半身 Bottom,,百褶裙 pleated skirt,1490
298,image_00298.jpg,Uniqlo,長 long,下半身 Bottom,,百褶裙 pleated skirt,1490
299,image_00299.jpg,Uniqlo,長 long,下半身 Bottom,,休閒褲/裙 casual pants/skirt,1490
300,image_00300.jpg,Uniqlo,長 long,下半身 Bottom,,工裝褲/裙 cargo pants/skirt,1290
301,image_00301.jpg,Uniqlo,長 long,下半身 Bottom,,工裝褲/裙 cargo pants/skirt,1290
302,image_00302.jpg,Uniqlo,長 long,下半身 Bottom,,工裝褲/裙 cargo pants/skirt,1290
303,image_00303.jpg,Uniqlo,長 long,下半身 Bottom,,牛仔褲/裙 jeans / demi skirt,790
304,image_00304.jpg,Uniqlo,長 long,下半身 Bottom,,"牛仔褲/裙 jeans / demi skirt, 休閒褲/裙 casual pants/skirt",790
305,image_00305.jpg,Uniqlo,長 long,下半身 Bottom,,休閒褲/裙 casual pants/skirt,790
306,image_00306.jpg,Uniqlo,長 long,下半身 Bottom,,休閒褲/裙 casual pants/skirt,790
307,image_00307.jpg,Uniqlo,長 long,下半身 Bottom,,休閒褲/裙 casual pants/skirt,1290
308,image_00308.jpg,Uniqlo,長 long,下半身 Bottom,,休閒褲/裙 casual pants/skirt,990
309,image_00309.jpg,Uniqlo,長 long,下半身 Bottom,,休閒褲/裙 casual pants/skirt,790
310,image_00310.jpg,Uniqlo,長 long,下半身 Bottom,,休閒褲/裙 casual pants/skirt,790
311,image_00311.jpg,Uniqlo,長 long,下半身 Bottom,,休閒褲/裙 casual pants/skirt,790
312,image_00312.jpg,Uniqlo,長 long,下半身 Bottom,,休閒褲/裙 casual pants/skirt,1490
313,image_00313.jpg,Uniqlo,長 long,下半身 Bottom,,休閒褲/裙 casual pants/skirt,790
314,image_00314.jpg,Uniqlo,長 long,下半身 Bottom,,休閒褲/裙 casual pants/skirt,1290
315,image_00315.jpg,Uniqlo,長 long,下半身 Bottom,,"牛仔褲/裙 jeans / demi skirt, 休閒褲/裙 casual pants/skirt",1290
316,image_00316.jpg,Uniqlo,長 long,下半身 Bottom,,牛仔褲/裙 jeans / demi skirt,1290
317,image_00317.jpg,Uniqlo,長 long,下半身 Bottom,,"牛仔褲/裙 jeans / demi skirt, 休閒褲/裙 casual pants/skirt",1290
318,image_00318.jpg,Uniqlo,長 long,下半身 Bottom,,休閒褲/裙 casual pants/skirt,1490
319,image_00319.jpg,Uniqlo,長 long,下半身 Bottom,,休閒褲/裙 casual pants/skirt,990
320,image_00320.jpg,Uniqlo,長 long,下半身 Bottom,,休閒褲/裙 casual pants/skirt,1290
321,image_00321.jpg,Uniqlo,長 long,下半身 Bottom,,休閒褲/裙 casual pants/skirt,1490
322,image_00322.jpg,Uniqlo,長 long,下半身 Bottom,,牛仔褲/裙 jeans / demi skirt,1290
323,image_00323.jpg,Uniqlo,長 long,下半身 Bottom,,牛仔褲/裙 jeans / demi skirt,1290
324,image_00324.jpg,Uniqlo,長 long,下半身 Bottom,,牛仔褲/裙 jeans / demi skirt,1290
325,image_00325.jpg,Uniqlo,長 long,下半身 Bottom,,牛仔褲/裙 jeans / demi skirt,1290
326,image_00326.jpg,Uniqlo,長 long,下半身 Bottom,,"牛仔褲/裙 jeans / demi skirt, 緊身褲 leggings",1290
327,image_00327.jpg,Uniqlo,短 short,下半身 Bottom,,"運動褲/裙 sweat pants / sports skirt, 緊身褲 leggings",790
328,image_00328.jpg,Uniqlo,短 short,下半身 Bottom,,運動褲/裙 sweat pants / sports skirt,790
329,image_00329.jpg,Uniqlo,短 short,下半身 Bottom,,休閒褲/裙 casual pants/skirt,590
330,image_00330.jpg,Uniqlo,短 short,下半身 Bottom,,休閒褲/裙 casual pants/skirt,790
331,image_00331.jpg,Uniqlo,短 short,下半身 Bottom,,牛仔褲/裙 jeans / demi skirt,790
332,image_00332.jpg,Uniqlo,短 short,下半身 Bottom,,休閒褲/裙 casual pants/skirt,590
333,image_00333.jpg,Uniqlo,短 short,下半身 Bottom,,休閒褲/裙 casual pants/skirt,590
334,image_00334.jpg,Uniqlo,長 long,下半身 Bottom,,"緊身褲 leggings, 休閒褲/裙 casual pants/skirt",790
335,image_00335.jpg,Uniqlo,長 long,下半身 Bottom,,"緊身褲 leggings, 休閒褲/裙 casual pants/skirt",790
336,image_00336.jpg,Uniqlo,長 long,下半身 Bottom,,緊身褲 leggings,790
337,image_00337.jpg,Uniqlo,長 long,下半身 Bottom,,緊身褲 leggings,790
338,image_00338.jpg,Uniqlo,長 long,下半身 Bottom,,緊身褲 leggings,790
339,image_00339.jpg,Uniqlo,長 long,下半身 Bottom,,休閒褲/裙 casual pants/skirt,990
340,image_00340.jpg,Uniqlo,長 long,下半身 Bottom,,休閒褲/裙 casual pants/skirt,1290
341,image_00341.jpg,Uniqlo,短 short,下半身 Bottom,,休閒褲/裙 casual pants/skirt,990
342,image_00342.jpg,Uniqlo,長 long,下半身 Bottom,,百褶裙 pleated skirt,1290
343,image_00343.jpg,Uniqlo,短 short,下半身 Bottom,,休閒褲/裙 casual pants/skirt,990
344,image_00344.jpg,Uniqlo,長 long,下半身 Bottom,,休閒褲/裙 casual pants/skirt,1290
345,image_00345.jpg,Uniqlo,長 long,下半身 Bottom,,休閒褲/裙 casual pants/skirt,790
346,image_00346.jpg,Uniqlo,長 long,下半身 Bottom,,牛仔褲/裙 jeans / demi skirt,990
347,image_00347.jpg,Uniqlo,長 long,下半身 Bottom,,牛仔褲/裙 jeans / demi skirt,990
348,image_00348.jpg,Uniqlo,短 short,下半身 Bottom,,運動褲/裙 sweat pants / sports skirt,1290
349,image_00349.jpg,Uniqlo,短 short,上半身 Top,背心 Vest,,390
350,image_00350.jpg,Uniqlo,短 short,上半身 Top,背心 Vest,,390
351,image_00351.jpg,Uniqlo,短 short,上半身 Top,背心 Vest,,390
352,image_00352.jpg,Uniqlo,短 short,上半身 Top,背心 Vest,,790
353,image_00353.jpg,Uniqlo,短 short,上半身 Top,背心 Vest,,390
354,image_00354.jpg,Uniqlo,短 short,上半身 Top,背心 Vest,,790
355,image_00355.jpg,Uniqlo,長 long,上半身 Top,"外套 Jacket, 連帽衣 Hoodie",,1490
356,image_00356.jpg,Uniqlo,長 long,上半身 Top,外套 Jacket,,2490
357,image_00357.jpg,Uniqlo,長 long,上半身 Top,外套 Jacket,,1690
358,image_00358.jpg,Uniqlo,長 long,上半身 Top,外套 Jacket,,1690
359,image_00359.jpg,Uniqlo,長 long,上半身 Top,外套 Jacket,,1690
360,image_00360.jpg,Uniqlo,長 long,上半身 Top,外套 Jacket,,1490
361,image_00361.jpg,Uniqlo,長 long,上半身 Top,"外套 Jacket, 連帽衣 Hoodie",,1690
362,image_00362.jpg,Net,長 long,上半身 Top,"連帽衣 Hoodie, 毛衣、針織衣 Sweater",,539
363,image_00363.jpg,Net,長 long,上半身 Top,毛衣、針織衣 Sweater,,499
364,image_00364.jpg,Net,長 long,上半身 Top,"毛衣、針織衣 Sweater, 外套 Jacket",,499
365,image_00365.jpg,Net,長 long,上半身 Top,"毛衣、針織衣 Sweater, 外套 Jacket",,539
366,image_00366.jpg,Net,短 short,上半身 Top,"背心 Vest, 毛衣、針織衣 Sweater",,299
367,image_00367.jpg,Net,長 long,上半身 Top,毛衣、針織衣 Sweater,,499
368,image_00368.jpg,Net,長 long,上半身 Top,毛衣、針織衣 Sweater,,599
369,image_00369.jpg,Net,長 long,上半身 Top,毛衣、針織衣 Sweater,,529
370,image_00370.jpg,Net,短 short,上半身 Top,"背心 Vest, 毛衣、針織衣 Sweater",,679
371,image_00371.jpg,Net,長 long,上半身 Top,毛衣、針織衣 Sweater,,299
372,image_00372.jpg,Net,短 short,上半身 Top,"背心 Vest, 毛衣、針織衣 Sweater",,299
373,image_00373.jpg,Net,長 long,上半身 Top,毛衣、針織衣 Sweater,,299
374,image_00374.jpg,Net,短 short,上半身 Top,"背心 Vest, 毛衣、針織衣 Sweater",,299
375,image_00375.jpg,Net,長 long,上半身 Top,毛衣、針織衣 Sweater,,299
376,image_00376.jpg,Net,長 long,上半身 Top,"連帽衣 Hoodie, 毛衣、針織衣 Sweater",,499
377,image_00377.jpg,Net,長 long,上半身 Top,"連帽衣 Hoodie, 毛衣、針織衣 Sweater",,459
378,image_00378.jpg,Net,長 long,上半身 Top,毛衣、針織衣 Sweater,,299
379,image_00379.jpg,Net,長 long,上半身 Top,毛衣、針織衣 Sweater,,299
380,image_00380.jpg,Net,長 long,上半身 Top,毛衣、針織衣 Sweater,,429
381,image_00381.jpg,Net,長 long,上半身 Top,毛衣、針織衣 Sweater,,359
382,image_00382.jpg,Net,長 long,上半身 Top,毛衣、針織衣 Sweater,,299
383,image_00383.jpg,Net,長 long,上半身 Top,毛衣、針織衣 Sweater,,299
384,image_00384.jpg,Net,長 long,上半身 Top,毛衣、針織衣 Sweater,,399
385,image_00385.jpg,Net,長 long,上半身 Top,毛衣、針織衣 Sweater,,299
386,image_00386.jpg,Net,長 long,上半身 Top,"毛衣、針織衣 Sweater, 外套 Jacket",,359
387,image_00387.jpg,Net,長 long,上半身 Top,"毛衣、針織衣 Sweater, 外套 Jacket",,359
388,image_00388.jpg,Net,長 long,上半身 Top,毛衣、針織衣 Sweater,,299
389,image_00389.jpg,Net,短 short,上半身 Top,毛衣、針織衣 Sweater,,359
390,image_00390.jpg,Net,長 long,上半身 Top,毛衣、針織衣 Sweater,,499
391,image_00391.jpg,Net,長 long,上半身 Top,毛衣、針織衣 Sweater,,299
392,image_00392.jpg,Net,長 long,上半身 Top,"外套 Jacket, 連帽衣 Hoodie, 羽絨衣 Down coat / jacket",,859
393,image_00393.jpg,Net,長 long,上半身 Top,"外套 Jacket, 連帽衣 Hoodie, 羽絨衣 Down coat / jacket",,1359
394,image_00394.jpg,Net,短 short,上半身 Top,"背心 Vest, 羽絨衣 Down coat / jacket",,999
395,image_00395.jpg,Net,短 short,上半身 Top,背心 Vest,,659
396,image_00396.jpg,Net,長 long,上半身 Top,外套 Jacket,,620
397,image_00397.jpg,Net,長 long,上半身 Top,"T-Shirt, 外套 Jacket",,399
398,image_00398.jpg,Net,長 long,上半身 Top,"T-Shirt, 外套 Jacket",,259
399,image_00399.jpg,Net,長 long,上半身 Top,"T-Shirt, 外套 Jacket",,199
400,image_00400.jpg,Net,短 short,上半身 Top,"T-Shirt, 外套 Jacket",,359
401,image_00401.jpg,Net,短 short,上半身 Top,"T-Shirt, 外套 Jacket",,359
402,image_00402.jpg,Net,短 short,上半身 Top,"T-Shirt, 外套 Jacket",,259
403,image_00403.jpg,Net,長 long,上半身 Top,"T-Shirt, 外套 Jacket",,259
404,image_00404.jpg,Net,長 long,上半身 Top,"T-Shirt, 外套 Jacket",,359
405,image_00405.jpg,Net,短 short,上半身 Top,"T-Shirt, 外套 Jacket",,229
406,image_00406.jpg,Net,長 long,上半身 Top,"T-Shirt, 外套 Jacket",,359
407,image_00407.jpg,Net,短 short,上半身 Top,"Shirt, 外套 Jacket",,399
408,image_00408.jpg,Net,短 short,上半身 Top,"T-Shirt, 外套 Jacket",,229
409,image_00409.jpg,Net,長 long,上半身 Top,"外套 Jacket, 連帽衣 Hoodie",,299
410,image_00410.jpg,Net,長 long,上半身 Top,外套 Jacket,,829
411,image_00411.jpg,Net,長 long,上半身 Top,"外套 Jacket, 連帽衣 Hoodie",,599
412,image_00412.jpg,Net,長 long,下半身 Bottom,,工裝褲/裙 cargo pants/skirt,479
413,image_00413.jpg,Net,長 long,下半身 Bottom,,休閒褲/裙 casual pants/skirt,499
414,image_00414.jpg,Net,長 long,下半身 Bottom,,牛仔褲/裙 jeans / demi skirt,559
415,image_00415.jpg,Net,短 short,下半身 Bottom,,牛仔褲/裙 jeans / demi skirt,399
416,image_00416.jpg,Net,長 long,下半身 Bottom,,休閒褲/裙 casual pants/skirt,399
417,image_00417.jpg,Net,長 long,下半身 Bottom,,休閒褲/裙 casual pants/skirt,399
418,image_00418.jpg,Net,長 long,下半身 Bottom,,休閒褲/裙 casual pants/skirt,229
419,image_00419.jpg,Net,長 long,下半身 Bottom,,休閒褲/裙 casual pants/skirt,299
420,image_00420.jpg,Net,長 long,下半身 Bottom,,休閒褲/裙 casual pants/skirt,499
421,image_00421.jpg,Net,長 long,下半身 Bottom,,休閒褲/裙 casual pants/skirt,349
422,image_00422.jpg,Net,長 long,下半身 Bottom,,休閒褲/裙 casual pants/skirt,459
423,image_00423.jpg,Net,長 long,下半身 Bottom,,工裝褲/裙 cargo pants/skirt,359
424,image_00424.jpg,Net,長 long,下半身 Bottom,,休閒褲/裙 casual pants/skirt,359
425,image_00425.jpg,Net,長 long,下半身 Bottom,,"運動褲/裙 sweat pants / sports skirt, 緊身褲 leggings",199
426,image_00426.jpg,Net,長 long,下半身 Bottom,,休閒褲/裙 casual pants/skirt,429
427,image_00427.jpg,Net,長 long,下半身 Bottom,,休閒褲/裙 casual pants/skirt,459
428,image_00428.jpg,Net,長 long,下半身 Bottom,,牛仔褲/裙 jeans / demi skirt,599
429,image_00429.jpg,Net,長 long,下半身 Bottom,,"運動褲/裙 sweat pants / sports skirt, 休閒褲/裙 casual pants/skirt",299
430,image_00430.jpg,Net,長 long,下半身 Bottom,,休閒褲/裙 casual pants/skirt,399
431,image_00431.jpg,Net,長 long,下半身 Bottom,,休閒褲/裙 casual pants/skirt,399
432,image_00432.jpg,Net,長 long,下半身 Bottom,,西裝褲 dress pants,559
433,image_00433.jpg,Net,短 short,下半身 Bottom,,西裝褲、裙 dress pants、skirt,399
434,image_00434.jpg,Net,長 long,下半身 Bottom,,西裝褲、裙 dress pants、skirt,559
435,image_00435.jpg,Net,長 long,下半身 Bottom,,牛仔褲/裙 jeans / demi skirt,499
436,image_00436.jpg,Net,長 long,下半身 Bottom,,休閒褲/裙 casual pants/skirt,359
437,image_00437.jpg,Net,長 long,下半身 Bottom,,休閒褲/裙 casual pants/skirt,499
438,image_00438.jpg,Net,長 long,下半身 Bottom,,休閒褲/裙 casual pants/skirt,349
439,image_00439.jpg,Net,長 long,下半身 Bottom,,牛仔褲/裙 jeans / demi skirt,399
440,image_00440.jpg,Net,長 long,下半身 Bottom,,休閒褲/裙 casual pants/skirt,459
441,image_00441.jpg,Net,長 long,下半身 Bottom,,"運動褲/裙 sweat pants / sports skirt, 休閒褲/裙 casual pants/skirt",299
442,image_00442.jpg,Net,長 long,下半身 Bottom,,牛仔褲/裙 jeans / demi skirt,499
443,image_00443.jpg,Net,長 long,下半身 Bottom,,西裝褲、裙 dress pants、skirt,559
444,image_00444.jpg,Net,長 long,下半身 Bottom,,休閒褲/裙 casual pants/skirt,399
445,image_00445.jpg,Net,短 short,下半身 Bottom,,西裝褲、裙 dress pants、skirt,359
446,image_00446.jpg,Net,長 long,下半身 Bottom,,休閒褲/裙 casual pants/skirt,559
447,image_00447.jpg,Net,長 long,下半身 Bottom,,休閒褲/裙 casual pants/skirt,499
448,image_00448.jpg,Net,長 long,下半身 Bottom,,休閒褲/裙 casual pants/skirt,359
449,image_00449.jpg,Net,短 short,下半身 Bottom,,休閒褲/裙 casual pants/skirt,329
450,image_00450.jpg,Net,長 long,下半身 Bottom,,休閒褲/裙 casual pants/skirt,479
451,image_00451.jpg,Net,長 long,下半身 Bottom,,"牛仔褲/裙 jeans / demi skirt, 工裝褲/裙 cargo pants/skirt",559
452,image_00452.jpg,Net,長 long,下半身 Bottom,,牛仔褲/裙 jeans / demi skirt,599
453,image_00453.jpg,Net,長 long,下半身 Bottom,,"牛仔褲/裙 jeans / demi skirt, 工裝褲/裙 cargo pants/skirt",659
454,image_00454.jpg,Net,長 long,下半身 Bottom,,工裝褲/裙 cargo pants/skirt,359
455,image_00455.jpg,H&M,長 long,洋裝 Dress,,,549
456,image_00456.jpg,H&M,長 long,洋裝 Dress,,,1299
457,image_00457.jpg,H&M,短 short,下半身 Bottom,,運動褲/裙 sweat pants / sports skirt,349
458,image_00458.jpg,H&M,長 long,上半身 Top,外套 Jacket,,1499
459,image_00459.jpg,Net,長 long,下半身 Bottom,,休閒褲/裙 casual pants/skirt,399
460,image_00460.jpg,Net,短 short,下半身 Bottom,,休閒褲/裙 casual pants/skirt,349
461,image_00461.jpg,H&M,長 long,下半身 Bottom,,西裝褲、裙 dress pants、skirt,699
462,image_00462.jpg,H&M,短 short,洋裝 Dress,,,1799
463,image_00463.jpg,H&M,長 long,洋裝 Dress,,,899
464,image_00464.jpg,H&M,長 long,下半身 Bottom,,牛仔褲/裙 jeans / demi skirt,699
465,image_00465.jpg,H&M,長 long,下半身 Bottom,,西裝褲、裙 dress pants、skirt,599
466,image_00466.jpg,Net,短 short,下半身 Bottom,,"運動褲/裙 sweat pants / sports skirt, 休閒褲/裙 casual pants/skirt",189
467,image_00467.jpg,H&M,長 long,下半身 Bottom,,西裝褲、裙 dress pants、skirt,599
468,image_00468.jpg,H&M,長 long,上半身 Top,"Shirt, 毛衣、針/織衣 Sweater",,549
469,image_00469.jpg,Net,長 long,下半身 Bottom,,休閒褲/裙 casual pants/skirt,399
470,image_00470.jpg,Net,長 long,下半身 Bottom,,休閒褲/裙 casual pants/skirt,399
471,image_00471.jpg,H&M,長 long,下半身 Bottom,,西裝褲、裙 dress pants、skirt,899
472,image_00472.jpg,Net,長 long,下半身 Bottom,,牛仔褲/裙 jeans / demi skirt,599
473,image_00473.jpg,Net,長 long,下半身 Bottom,,牛仔褲/裙 jeans / demi skirt,599
474,image_00474.jpg,H&M,短 short,上半身 Top,背心 Vest,,449
475,image_00475.jpg,Net,長 long,下半身 Bottom,,緊身褲 leggings,249
476,image_00476.jpg,H&M,長 long,下半身 Bottom,,休閒褲/裙 casual pants/skirt,349
477,image_00477.jpg,Net,短 short,下半身 Bottom,,休閒褲/裙 casual pants/skirt,329
478,image_00478.jpg,Net,短 short,下半身 Bottom,,休閒褲/裙 casual pants/skirt,299
479,image_00479.jpg,H&M,短 short,上半身 Top,Shirt,,499
480,image_00480.jpg,Net,長 long,下半身 Bottom,,休閒褲/裙 casual pants/skirt,479
481,image_00481.jpg,H&M,長 long,下半身 Bottom,,百褶裙 pleated skirt,1799
482,image_00482.jpg,Net,短 short,下半身 Bottom,,休閒褲/裙 casual pants/skirt,299
483,image_00483.jpg,Net,長 long,下半身 Bottom,,工裝褲/裙 cargo pants/skirt,599
484,image_00484.jpg,Net,長 long,下半身 Bottom,,"牛仔褲/裙 jeans / demi skirt, 工裝褲/裙 cargo pants/skirt",659
485,image_00485.jpg,H&M,短 short,下半身 Bottom,,百褶裙 pleated skirt,899
486,image_00486.jpg,Net,長 long,下半身 Bottom,,休閒褲/裙 casual pants/skirt,429
487,image_00487.jpg,H&M,短 short,洋裝 Dress,,,1799
488,image_00488.jpg,Net,長 long,下半身 Bottom,,休閒褲/裙 casual pants/skirt,579
489,image_00489.jpg,H&M,長 long,下半身 Bottom,,西裝褲、裙 dress pants、skirt,799
490,image_00490.jpg,Net,短 short,下半身 Bottom,,休閒褲/裙 casual pants/skirt,459
491,image_00491.jpg,Net,長 long,下半身 Bottom,,"運動褲/裙 sweat pants / sports skirt, 休閒褲/裙 casual pants/skirt",299
492,image_00492.jpg,H&M,短 short,上半身 Top,背心 Vest,,549
493,image_00493.jpg,Net,長 long,下半身 Bottom,,休閒褲/裙 casual pants/skirt,459
494,image_00494.jpg,Net,長 long,下半身 Bottom,,牛仔褲/裙 jeans / demi skirt,599
495,image_00495.jpg,H&M,長 long,下半身 Bottom,,西裝褲、裙 dress pants、skirt,999
496,image_00496.jpg,Net,長 long,下半身 Bottom,,緊身褲 leggings,339
497,image_00497.jpg,H&M,長 long,上半身 Top,"外套 Jacket, 西裝 Suit",,1299
498,image_00498.jpg,Net,長 long,下半身 Bottom,,休閒褲/裙 casual pants/skirt,359
499,image_00499.jpg,Net,長 long,下半身 Bottom,,"牛仔褲/裙 jeans / demi skirt, 工裝褲/裙 cargo pants/skirt",659
500,image_00500.jpg,H&M,長 long,上半身 Top,西裝 Suit,,1499
501,image_00501.jpg,Net,長 long,下半身 Bottom,,休閒褲/裙 casual pants/skirt,559
502,image_00502.jpg,H&M,長 long,上半身 Top,Shirt,,549
503,image_00503.jpg,Net,長 long,下半身 Bottom,,休閒褲/裙 casual pants/skirt,299
504,image_00504.jpg,H&M,短 short,上半身 Top,Shirt,,799
505,image_00505.jpg,Net,長 long,下半身 Bottom,,休閒褲/裙 casual pants/skirt,399
506,image_00506.jpg,Net,長 long,下半身 Bottom,,"牛仔褲/裙 jeans / demi skirt, 休閒褲/裙 casual pants/skirt",559
507,image_00507.jpg,H&M,長 long,上半身 Top,Shirt,,1299
508,image_00508.jpg,H&M,短 short,上半身 Top,針/織衣 Sweater,,699
509,image_00509.jpg,H&M,短 short,洋裝 Dress,,,1299
510,image_00510.jpg,H&M,短 short,洋裝 Dress,,,649
511,image_00511.jpg,H&M,長 long,下半身 Bottom,,西裝褲、裙 dress pants、skirt,699
512,image_00512.jpg,H&M,長 long,下半身 Bottom,,西裝褲、裙 dress pants、skirt,499
513,image_00513.jpg,H&M,長 long,上半身 Top,Shirt,,699
514,image_00514.jpg,H&M,短 short,上半身 Top,T-Shirt,,499
515,image_00515.jpg,H&M,短 short,上半身 Top,T-Shirt,,499
516,image_00516.jpg,H&M,短 short,上半身 Top,T-Shirt,,499
517,image_00517.jpg,H&M,短 short,上半身 Top,T-Shirt,,499
518,image_00518.jpg,H&M,短 short,上半身 Top,Shirt,,349
519,image_00519.jpg,H&M,長 long,上半身 Top,毛衣、針織衣 Sweater,,599
520,image_00520.jpg,H&M,長 long,上半身 Top,毛衣、針織衣 Sweater,,349
521,image_00521.jpg,H&M,短 short,下半身 Bottom,,牛仔褲/裙 jeans / demi skirt,599
522,image_00522.jpg,H&M,長 long,下半身 Bottom,,百褶裙 pleated skirt,1299
523,image_00523.jpg,H&M,短 short,上半身 Top,Shirt,,349
524,image_00524.jpg,H&M,長 long,上半身 Top,毛衣、針織衣 Sweater,,999
525,image_00525.jpg,H&M,短 short,下半身 Bottom,,西裝褲、裙 dress pants、skirt,699
526,image_00526.jpg,H&M,短 short,下半身 Bottom,,西裝褲、裙 dress pants、skirt,899
527,image_00527.jpg,H&M,長 long,上半身 Top,Shirt,,699
528,image_00528.jpg,H&M,長 long,下半身 Bottom,,工裝褲/裙 cargo pants/skirt,699
529,image_00529.jpg,H&M,短 short,上半身 Top,T-Shirt,,349
530,image_00530.jpg,H&M,短 short,上半身 Top,毛衣、針織衣 Sweater,,699
531,image_00531.jpg,H&M,短 short,洋裝 Dress,,,999
532,image_00532.jpg,H&M,短 short,上半身 Top,Shirt,,349
533,image_00533.jpg,H&M,長 long,上半身 Top,"外套 Jacket, 西裝 Suit",,1299
534,image_00534.jpg,H&M,長 long,洋裝 Dress,,,1799
535,image_00535.jpg,H&M,長 long,洋裝 Dress,,,1499
536,image_00536.jpg,H&M,短 short,上半身 Top,Shirt,,649
537,image_00537.jpg,H&M,長 long,上半身 Top,Shirt,,599
538,image_00538.jpg,H&M,短 short,上半身 Top,背心 Vest,,349
539,image_00539.jpg,H&M,長 long,上半身 Top,Shirt,,699
540,image_00540.jpg,H&M,長 long,上半身 Top,Shirt,,699
541,image_00541.jpg,H&M,長 long,上半身 Top,Shirt,,699
542,image_00542.jpg,H&M,長 long,下半身 Bottom,,西裝褲、裙 dress pants、skirt,999
543,image_00543.jpg,H&M,短 short,上半身 Top,背心 Vest,,299
544,image_00544.jpg,H&M,短 short,洋裝 Dress,,,899
545,image_00545.jpg,H&M,短 short,洋裝 Dress,,,999
546,image_00546.jpg,H&M,短 short,洋裝 Dress,,,999
547,image_00547.jpg,H&M,短 short,上半身 Top,背心 Vest,,299
548,image_00548.jpg,H&M,長 long,上半身 Top,Shirt,,999
549,image_00549.jpg,H&M,短 short,洋裝 Dress,,,1999
550,image_00550.jpg,H&M,長 long,下半身 Bottom,,牛仔褲/裙 jeans / demi skirt,999
551,image_00551.jpg,H&M,長 long,上半身 Top,Shirt,,799
552,image_00552.jpg,50 percent,長 long,上半身 Top,T-Shirt,,349
553,image_00553.jpg,50 percent,長 long,上半身 Top,外套 Jacket,,1190
554,image_00554.jpg,50 percent,短 short,上半身 Top,T-Shirt,,299
555,image_00555.jpg,50 percent,長 long,上半身 Top,毛衣、針織衣 Sweater,,590
556,image_00556.jpg,50 percent,長 long,上半身 Top,Shirt,,449
557,image_00557.jpg,50 percent,短 short,上半身 Top,T-Shirt,,449
558,image_00558.jpg,50 percent,短 short,上半身 Top,T-Shirt,,299
559,image_00559.jpg,50 percent,長 long,上半身 Top,T-Shirt,,399
560,image_00560.jpg,50 percent,長 long,上半身 Top,T-Shirt,,490
561,image_00561.jpg,50 percent,短 short,上半身 Top,T-Shirt,,299
562,image_00562.jpg,50 percent,長 long,上半身 Top,連帽衣 Hoodie,,690
563,image_00563.jpg,50 percent,短 short,上半身 Top,T-Shirt,,349
564,image_00564.jpg,50 percent,短 short,上半身 Top,背心 Vest,,349
565,image_00565.jpg,50 percent,長 long,上半身 Top,T-Shirt,,690
566,image_00566.jpg,50 percent,長 long,上半身 Top,外套 Jacket,,790
567,image_00567.jpg,50 percent,長 long,上半身 Top,連帽衣 Hoodie,,799
568,image_00568.jpg,50 percent,短 short,上半身 Top,"背心 Vest, 毛衣、針織衣 Sweater",,549
569,image_00569.jpg,50 percent,長 long,上半身 Top,外套 Jacket,,1399
570,image_00570.jpg,50 percent,長 long,上半身 Top,毛衣、針織衣 Sweater,,690
571,image_00571.jpg,50 percent,長 long,上半身 Top,毛衣、針織衣 Sweater,,499
572,image_00572.jpg,50 percent,短 short,上半身 Top,背心 Vest,,299
573,image_00573.jpg,50 percent,短 short,上半身 Top,T-Shirt,,390
574,image_00574.jpg,50 percent,長 long,上半身 Top,外套 Jacket,,1400
575,image_00575.jpg,50 percent,長 long,上半身 Top,T-Shirt,,490
576,image_00576.jpg,50 percent,短 short,上半身 Top,T-Shirt,,349
577,image_00577.jpg,50 percent,長 long,上半身 Top,"外套 Jacket, 連帽衣 Hoodie",,1499
578,image_00578.jpg,50 percent,短 short,上半身 Top,"背心 Vest, 毛衣、針織衣 Sweater",,449
579,image_00579.jpg,50 percent,短 short,上半身 Top,T-Shirt,,299
580,image_00580.jpg,50 percent,長 long,上半身 Top,外套 Jacket,,799
581,image_00581.jpg,50 percent,長 long,上半身 Top,外套 Jacket,,1399
582,image_00582.jpg,50 percent,長 long,上半身 Top,T-Shirt,,490
583,image_00583.jpg,50 percent,短 short,上半身 Top,T-Shirt,,449
584,image_00584.jpg,50 percent,短 short,上半身 Top,T-Shirt,,299
585,image_00585.jpg,50 percent,長 long,上半身 Top,T-Shirt,,290
586,image_00586.jpg,50 percent,長 long,上半身 Top,毛衣、針織衣 Sweater,,590
587,image_00587.jpg,50 percent,短 short,上半身 Top,背心 Vest,,1190
588,image_00588.jpg,50 percent,長 long,上半身 Top,"外套 Jacket, 連帽衣 Hoodie",,700
589,image_00589.jpg,50 percent,長 long,上半身 Top,"外套 Jacket, 毛衣、針織衣 Sweater",,699
590,image_00590.jpg,50 percent,短 short,上半身 Top,"背心 Vest, 毛衣、針織衣 Sweater",,449
591,image_00591.jpg,50 percent,長 long,上半身 Top,T-Shirt,,299
592,image_00592.jpg,50 percent,短 short,上半身 Top,背心 Vest,,499
593,image_00593.jpg,50 percent,短 short,上半身 Top,T-Shirt,,349
594,image_00594.jpg,50 percent,長 long,上半身 Top,T-Shirt,,590
595,image_00595.jpg,50 percent,短 short,上半身 Top,T-Shirt,,349
596,image_00596.jpg,50 percent,長 long,上半身 Top,"外套 Jacket, 連帽衣 Hoodie",,499
597,image_00597.jpg,50 percent,短 short,上半身 Top,T-Shirt,,349
598,image_00598.jpg,50 percent,短 short,上半身 Top,T-Shirt,,349
599,image_00599.jpg,50 percent,短 short,上半身 Top,T-Shirt,,499
600,image_00600.jpg,50 percent,短 short,上半身 Top,T-Shirt,,349
601,image_00601.jpg,50 percent,長 long,上半身 Top,外套 Jacket,,1399
602,image_00602.jpg,50 percent,長 long,上半身 Top,外套 Jacket,,799
603,image_00603.jpg,50 percent,短 short,上半身 Top,T-Shirt,,249
604,image_00604.jpg,50 percent,長 long,上半身 Top,毛衣、針織衣 Sweater,,399
605,image_00605.jpg,50 percent,長 long,上半身 Top,外套 Jacket,,1399
606,image_00606.jpg,50 percent,長 long,上半身 Top,T-Shirt,,399
607,image_00607.jpg,50 percent,短 short,上半身 Top,T-Shirt,,300
608,image_00608.jpg,50 percent,長 long,上半身 Top,Shirt,,399
609,image_00609.jpg,50 percent,長 long,上半身 Top,T-Shirt,,290
610,image_00610.jpg,50 percent,長 long,上半身 Top,T-Shirt,,399
611,image_00611.jpg,50 percent,長 long,上半身 Top,Shirt,,349
612,image_00612.jpg,50 percent,短 short,上半身 Top,背心 Vest,,349
613,image_00613.jpg,50 percent,長 long,上半身 Top,T-Shirt,,399
614,image_00614.jpg,50 percent,長 long,上半身 Top,外套 Jacket,,699
615,image_00615.jpg,50 percent,長 long,上半身 Top,T-Shirt,,590
616,image_00616.jpg,50 percent,長 long,上半身 Top,T-Shirt,,490
617,image_00617.jpg,50 percent,短 short,上半身 Top,背心 Vest,,299
618,image_00618.jpg,50 percent,長 long,上半身 Top,"外套 Jacket, 毛衣、針織衣 Sweater",,790
619,image_00619.jpg,50 percent,長 long,上半身 Top,外套 Jacket,,790
620,image_00620.jpg,50 percent,短 short,上半身 Top,T-Shirt,,499
621,image_00621.jpg,50 percent,長 long,上半身 Top,外套 Jacket,,1190
622,image_00622.jpg,50 percent,長 long,上半身 Top,外套 Jacket,,1590
623,image_00623.jpg,50 percent,短 short,上半身 Top,背心 Vest,,1190
624,image_00624.jpg,50 percent,短 short,上半身 Top,T-Shirt,,299
625,image_00625.jpg,50 percent,短 short,上半身 Top,T-Shirt,,349
626,image_00626.jpg,50 percent,短 short,上半身 Top,T-Shirt,,299
627,image_00627.jpg,50 percent,短 short,上半身 Top,T-Shirt,,349
628,image_00628.jpg,50 percent,短 short,上半身 Top,T-Shirt,,249
629,image_00629.jpg,50 percent,短 short,上半身 Top,T-Shirt,,299
630,image_00630.jpg,50 percent,短 short,上半身 Top,T-Shirt,,399
631,image_00631.jpg,50 percent,短 short,上半身 Top,T-Shirt,,499
632,image_00632.jpg,50 percent,長 long,上半身 Top,T-Shirt,,599
633,image_00633.jpg,50 percent,長 long,上半身 Top,T-Shirt,,649
634,image_00634.jpg,50 percent,長 long,上半身 Top,T-Shirt,,599
635,image_00635.jpg,50 percent,長 long,上半身 Top,T-Shirt,,349
636,image_00636.jpg,50 percent,長 long,上半身 Top,Shirt,,399
637,image_00637.jpg,50 percent,長 long,上半身 Top,連帽衣 Hoodie,,890
638,image_00638.jpg,50 percent,長 long,上半身 Top,T-Shirt,,690
639,image_00639.jpg,50 percent,長 long,上半身 Top,T-Shirt,,690
640,image_00640.jpg,50 percent,長 long,上半身 Top,毛衣、針織衣 Sweater,,690
641,image_00641.jpg,50 percent,長 long,上半身 Top,毛衣、針織衣 Sweater,,590
642,image_00642.jpg,50 percent,長 long,上半身 Top,Shirt,,590
643,image_00643.jpg,50 percent,長 long,上半身 Top,外套 Jacket,,890
644,image_00644.jpg,50 percent,短 short,上半身 Top,背心 Vest,,399
645,image_00645.jpg,50 percent,長 long,上半身 Top,連帽衣 Hoodie,,690
646,image_00646.jpg,50 percent,長 long,上半身 Top,T-Shirt,,790
647,image_00647.jpg,50 percent,長 long,上半身 Top,連帽衣 Hoodie,,890
648,image_00648.jpg,50 percent,長 long,上半身 Top,T-Shirt,,590
649,image_00649.jpg,50 percent,長 long,上半身 Top,Shirt,,590
650,image_00650.jpg,50 percent,長 long,上半身 Top,外套 Jacket,,1090
651,image_00651.jpg,50 percent,長 long,上半身 Top,T-Shirt,,599
652,image_00652.jpg,50 percent,長 long,下半身 Bottom,,西裝褲、裙 dress pants、skirt,599
653,image_00653.jpg,50 percent,長 long,下半身 Bottom,,牛仔褲/裙 jeans / demi skirt,890
654,image_00654.jpg,50 percent,短 short,下半身 Bottom,,百褶裙 pleated skirt,590
655,image_00655.jpg,50 percent,長 long,下半身 Bottom,,牛仔褲/裙 jeans / demi skirt,499
656,image_00656.jpg,50 percent,短 short,下半身 Bottom,,休閒褲/裙 casual pants/skirt,299
657,image_00657.jpg,50 percent,長 long,下半身 Bottom,,休閒褲/裙 casual pants/skirt,449
658,image_00658.jpg,50 percent,短 short,下半身 Bottom,,百褶裙 pleated skirt,549
659,image_00659.jpg,50 percent,長 long,下半身 Bottom,,西裝褲、裙 dress pants、skirt,590
660,image_00660.jpg,50 percent,長 long,下半身 Bottom,,西裝褲、裙 dress pants、skirt,599
661,image_00661.jpg,50 percent,短 short,下半身 Bottom,,休閒褲/裙 casual pants/skirt,590
662,image_00662.jpg,50 percent,長 long,下半身 Bottom,,西裝褲、裙 dress pants、skirt,599
663,image_00663.jpg,50 percent,長 long,下半身 Bottom,,休閒褲/裙 casual pants/skirt,499
664,image_00664.jpg,50 percent,長 long,下半身 Bottom,,休閒褲/裙 casual pants/skirt,399
665,image_00665.jpg,50 percent,短 short,下半身 Bottom,,百褶裙 pleated skirt,690
666,image_00666.jpg,50 percent,短 short,下半身 Bottom,,休閒褲/裙 casual pants/skirt,549
667,image_00667.jpg,50 percent,短 short,下半身 Bottom,,百褶裙 pleated skirt,590
668,image_00668.jpg,50 percent,短 short,下半身 Bottom,,百褶裙 pleated skirt,590
669,image_00669.jpg,50 percent,短 short,下半身 Bottom,,百褶裙 pleated skirt,549
670,image_00670.jpg,H&M,長 long,上半身 Top,外套 Jacket,,1799
671,image_00671.jpg,50 percent,長 long,下半身 Bottom,,休閒褲/裙 casual pants/skirt,590
672,image_00672.jpg,H&M,長 long,上半身 Top,外套 Jacket,,2999
673,image_00673.jpg,H&M,長 long,上半身 Top,外套 Jacket,,2499
674,image_00674.jpg,50 percent,長 long,下半身 Bottom,,牛仔褲/裙 jeans / demi skirt,790
675,image_00675.jpg,50 percent,長 long,下半身 Bottom,,休閒褲/裙 casual pants/skirt,499
676,image_00676.jpg,H&M,長 long,上半身 Top,"外套 Jacket, 連帽衣 Hoodie",,1499
677,image_00677.jpg,50 percent,短 short,下半身 Bottom,,休閒褲/裙 casual pants/skirt,549
678,image_00678.jpg,50 percent,長 long,下半身 Bottom,,西裝褲、裙 dress pants、skirt,599
679,image_00679.jpg,50 percent,長 long,下半身 Bottom,,牛仔褲/裙 jeans / demi skirt,890
680,image_00680.jpg,50 percent,短 short,下半身 Bottom,,休閒褲/裙 casual pants/skirt,590
681,image_00681.jpg,50 percent,短 short,下半身 Bottom,,休閒褲/裙 casual pants/skirt,590
682,image_00682.jpg,50 percent,短 short,下半身 Bottom,,百褶裙 pleated skirt,590
683,image_00683.jpg,50 percent,短 short,下半身 Bottom,,休閒褲/裙 casual pants/skirt,499
684,image_00684.jpg,H&M,短 short,下半身 Bottom,,牛仔褲/裙 jeans / demi skirt,799
685,image_00685.jpg,50 percent,長 long,下半身 Bottom,,休閒褲/裙 casual pants/skirt,890
686,image_00686.jpg,50 percent,短 short,下半身 Bottom,,百褶裙 pleated skirt,790
687,image_00687.jpg,50 percent,長 long,下半身 Bottom,,休閒褲/裙 casual pants/skirt,590
688,image_00688.jpg,50 percent,長 long,下半身 Bottom,,休閒褲/裙 casual pants/skirt,499
689,image_00689.jpg,H&M,長 long,下半身 Bottom,,休閒褲/裙 casual pants/skirt,799
690,image_00690.jpg,50 percent,長 long,下半身 Bottom,,休閒褲/裙 casual pants/skirt,790
691,image_00691.jpg,50 percent,長 long,下半身 Bottom,,百褶裙 pleated skirt,499
692,image_00692.jpg,H&M,短 short,下半身 Bottom,,百褶裙 pleated skirt,699
693,image_00693.jpg,50 percent,短 short,下半身 Bottom,,牛仔褲/裙 jeans / demi skirt,590
694,image_00694.jpg,H&M,短 short,下半身 Bottom,,休閒褲/裙 casual pants/skirt,699
695,image_00695.jpg,50 percent,長 long,下半身 Bottom,,牛仔褲/裙 jeans / demi skirt,790
696,image_00696.jpg,H&M,長 long,上半身 Top,毛衣、針織衣 Sweater,,2499
697,image_00697.jpg,50 percent,長 long,下半身 Bottom,,牛仔褲/裙 jeans / demi skirt,790
698,image_00698.jpg,50 percent,短 short,下半身 Bottom,,百褶裙 pleated skirt,549
699,image_00699.jpg,H&M,長 long,下半身 Bottom,,休閒褲/裙 casual pants/skirt,2499
700,image_00700.jpg,50 percent,長 long,下半身 Bottom,,牛仔褲/裙 jeans / demi skirt,890
701,image_00701.jpg,H&M,長 long,下半身 Bottom,,西裝褲、裙 dress pants、skirt,999
702,image_00702.jpg,50 percent,短 short,下半身 Bottom,,牛仔褲/裙 jeans / demi skirt,590
703,image_00703.jpg,H&M,短 short,下半身 Bottom,,休閒褲/裙 casual pants/skirt,699
704,image_00704.jpg,50 percent,短 short,下半身 Bottom,,牛仔褲/裙 jeans / demi skirt,590
705,image_00705.jpg,H&M,短 short,下半身 Bottom,,西裝褲、裙 dress pants、skirt,899
706,image_00706.jpg,50 percent,短 short,下半身 Bottom,,牛仔褲/裙 jeans / demi skirt,590
707,image_00707.jpg,H&M,長 long,上半身 Top,毛衣、針織衣 Sweater,,449
708,image_00708.jpg,50 percent,短 short,下半身 Bottom,,牛仔褲/裙 jeans / demi skirt,590
709,image_00709.jpg,H&M,長 long,上半身 Top,外套 Jacket,,2499
710,image_00710.jpg,50 percent,長 long,下半身 Bottom,,休閒褲/裙 casual pants/skirt,590
711,image_00711.jpg,H&M,短 short,洋裝 Dress,,,499
712,image_00712.jpg,H&M,短 short,洋裝 Dress,,,499
713,image_00713.jpg,50 percent,長 long,下半身 Bottom,,西裝褲、裙 dress pants、skirt,590
714,image_00714.jpg,50 percent,長 long,下半身 Bottom,,牛仔褲/裙 jeans / demi skirt,690
715,image_00715.jpg,H&M,長 long,下半身 Bottom,,牛仔褲/裙 jeans / demi skirt,999
716,image_00716.jpg,50 percent,長 long,下半身 Bottom,,牛仔褲/裙 jeans / demi skirt,790
717,image_00717.jpg,H&M,長 long,下半身 Bottom,,牛仔褲/裙 jeans / demi skirt,1299
718,image_00718.jpg,50 percent,長 long,下半身 Bottom,,休閒褲/裙 casual pants/skirt,690
719,image_00719.jpg,H&M,短 short,上半身 Top,背心 Vest,,599
720,image_00720.jpg,50 percent,長 long,下半身 Bottom,,休閒褲/裙 casual pants/skirt,690
721,image_00721.jpg,H&M,短 short,上半身 Top,背心 Vest,,599
722,image_00722.jpg,H&M,短 short,下半身 Bottom,,休閒褲/裙 casual pants/skirt,999
723,image_00723.jpg,H&M,長 long,上半身 Top,毛衣、針織衣 Sweater,,599
724,image_00724.jpg,50 percent,短 short,下半身 Bottom,,休閒褲/裙 casual pants/skirt,590
725,image_00725.jpg,H&M,短 short,洋裝 Dress,,,999
726,image_00726.jpg,H&M,長 long,上半身 Top,毛衣、針織衣 Sweater,,899
727,image_00727.jpg,H&M,短 short,上半身 Top,T-Shirt,,499
728,image_00728.jpg,H&M,短 short,上半身 Top,背心 Vest,,299
729,image_00729.jpg,H&M,長 long,上半身 Top,Shirt,,1299
730,image_00730.jpg,H&M,短 short,上半身 Top,背心 Vest,,699
731,image_00731.jpg,H&M,長 long,下半身 Bottom,,牛仔褲/裙 jeans / demi skirt,799
732,image_00732.jpg,H&M,長 long,下半身 Bottom,,"牛仔褲/裙 jeans / demi skirt, 休閒褲/裙 casual pants/skirt",999
733,image_00733.jpg,H&M,短 short,洋裝 Dress,,,1499
734,image_00734.jpg,H&M,長 long,上半身 Top,毛衣、針織衣 Sweater,,449
735,image_00735.jpg,H&M,長 long,上半身 Top,西裝 Suit,,1499
736,image_00736.jpg,H&M,長 long,上半身 Top,Shirt,,3499
737,image_00737.jpg,H&M,長 long,下半身 Bottom,,西裝褲、裙 dress pants、skirt,649
738,image_00738.jpg,H&M,長 long,下半身 Bottom,,牛仔褲/裙 jeans / demi skirt,1799
739,image_00739.jpg,H&M,長 long,下半身 Bottom,,牛仔褲/裙 jeans / demi skirt,1799
740,image_00740.jpg,H&M,短 short,下半身 Bottom,,牛仔褲/裙 jeans / demi skirt,999
741,image_00741.jpg,H&M,短 short,洋裝 Dress,,,499
742,image_00742.jpg,H&M,長 long,洋裝 Dress,,,1499
743,image_00743.jpg,H&M,短 short,洋裝 Dress,,,699
744,image_00744.jpg,H&M,長 long,上半身 Top,毛衣、針織衣 Sweater,,549
745,image_00745.jpg,H&M,短 short,洋裝 Dress,,,699
746,image_00746.jpg,H&M,短 short,洋裝 Dress,,,799
747,image_00747.jpg,H&M,短 short,洋裝 Dress,,,999
748,image_00748.jpg,H&M,短 short,洋裝 Dress,,,699
749,image_00749.jpg,H&M,短 short,洋裝 Dress,,,649
750,image_00750.jpg,AIR SPACE,長 long,上半身 Top,毛衣、針織衣 Sweater,,590
751,image_00751.jpg,AIR SPACE,長 long,上半身 Top,毛衣、針織衣 Sweater,,590
752,image_00752.jpg,AIR SPACE,短 short,下半身 Bottom,,西裝褲、裙 dress pants、skirt,690
753,image_00753.jpg,AIR SPACE,短 short,下半身 Bottom,,西裝褲、裙 dress pants、skirt,690
754,image_00754.jpg,AIR SPACE,短 short,下半身 Bottom,,工裝褲/裙 cargo pants/skirt,690
755,image_00755.jpg,AIR SPACE,短 short,下半身 Bottom,,工裝褲/裙 cargo pants/skirt,690
756,image_00756.jpg,AIR SPACE,短 short,下半身 Bottom,,西裝褲、裙 dress pants、skirt,690
757,image_00757.jpg,AIR SPACE,長 long,上半身 Top,毛衣、針織衣 Sweater,,890
758,image_00758.jpg,AIR SPACE,短 short,上半身 Top,背心 Vest,,790
759,image_00759.jpg,AIR SPACE,短 short,上半身 Top,背心 Vest,,790
760,image_00760.jpg,AIR SPACE,短 short,洋裝 Dress,,,990
761,image_00761.jpg,AIR SPACE,短 short,洋裝 Dress,,,990
762,image_00762.jpg,AIR SPACE,短 short,下半身 Bottom,,西裝褲、裙 dress pants、skirt,590
763,image_00763.jpg,AIR SPACE,短 short,下半身 Bottom,,西裝褲、裙 dress pants、skirt,590
764,image_00764.jpg,AIR SPACE,短 short,洋裝 Dress,,,790
765,image_00765.jpg,AIR SPACE,短 short,洋裝 Dress,,,790
766,image_00766.jpg,AIR SPACE,長 long,上半身 Top,"外套 Jacket, 網紗 Mesh",,790
767,image_00767.jpg,AIR SPACE,長 long,上半身 Top,"外套 Jacket, 網紗 Mesh",,790
768,image_00768.jpg,AIR SPACE,長 long,上半身 Top,網紗 Mesh,,690
769,image_00769.jpg,AIR SPACE,長 long,上半身 Top,網紗 Mesh,,690
770,image_00770.jpg,AIR SPACE,長 long,上半身 Top,Shirt,,490
771,image_00771.jpg,AIR SPACE,長 long,上半身 Top,Shirt,,490
772,image_00772.jpg,AIR SPACE,長 long,上半身 Top,毛衣、針織衣 Sweater,,490
773,image_00773.jpg,AIR SPACE,長 long,上半身 Top,毛衣、針織衣 Sweater,,490
774,image_00774.jpg,AIR SPACE,短 short,下半身 Bottom,,"休閒褲/裙 casual pants/skirt, 西裝褲、裙 dress pants、skirt",790
775,image_00775.jpg,AIR SPACE,短 short,下半身 Bottom,,"休閒褲/裙 casual pants/skirt, 西裝褲、裙 dress pants、skirt",790
776,image_00776.jpg,AIR SPACE,長 long,洋裝 Dress,,,790
777,image_00777.jpg,AIR SPACE,長 long,洋裝 Dress,,,790
778,image_00778.jpg,AIR SPACE,短 short,上半身 Top,"Shirt, 毛衣、針織衣 Sweater",,590
779,image_00779.jpg,AIR SPACE,短 short,上半身 Top,"Shirt, 毛衣、針織衣 Sweater",,590
780,image_00780.jpg,AIR SPACE,短 short,上半身 Top,"Shirt, 毛衣、針織衣 Sweater",,590
781,image_00781.jpg,AIR SPACE,長 long,上半身 Top,Shirt,,890
782,image_00782.jpg,AIR SPACE,長 long,上半身 Top,Shirt,,890
783,image_00783.jpg,AIR SPACE,長 long,下半身 Bottom,,西裝褲、裙 dress pants、skirt,990
784,image_00784.jpg,AIR SPACE,長 long,下半身 Bottom,,西裝褲、裙 dress pants、skirt,990
785,image_00785.jpg,AIR SPACE,長 long,下半身 Bottom,,牛仔褲/裙 jeans / demi skirt,1080
786,image_00786.jpg,AIR SPACE,長 long,下半身 Bottom,,牛仔褲/裙 jeans / demi skirt,1080
787,image_00787.jpg,AIR SPACE,長 long,下半身 Bottom,,西裝褲、裙 dress pants、skirt,1080
788,image_00788.jpg,AIR SPACE,長 long,下半身 Bottom,,西裝褲、裙 dress pants、skirt,1080
789,image_00789.jpg,AIR SPACE,長 long,上半身 Top,外套 Jacket,,1580
790,image_00790.jpg,AIR SPACE,長 long,上半身 Top,毛衣、針織衣 Sweater,,890
791,image_00791.jpg,AIR SPACE,長 long,上半身 Top,毛衣、針織衣 Sweater,,890
792,image_00792.jpg,AIR SPACE,長 long,上半身 Top,毛衣、針織衣 Sweater,,790
793,image_00793.jpg,AIR SPACE,長 long,上半身 Top,毛衣、針織衣 Sweater,,790
794,image_00794.jpg,AIR SPACE,長 long,上半身 Top,毛衣、針織衣 Sweater,,790
795,image_00795.jpg,AIR SPACE,長 long,上半身 Top,毛衣、針織衣 Sweater,,790
796,image_00796.jpg,AIR SPACE,長 long,上半身 Top,毛衣、針織衣 Sweater,,890
797,image_00797.jpg,AIR SPACE,長 long,上半身 Top,毛衣、針織衣 Sweater,,490
798,image_00798.jpg,AIR SPACE,短 short,下半身 Bottom,,休閒褲/裙 casual pants/skirt,590
799,image_00799.jpg,AIR SPACE,短 short,下半身 Bottom,,休閒褲/裙 casual pants/skirt,590
800,image_00800.jpg,AIR SPACE,長 long,下半身 Bottom,,牛仔褲/裙 jeans / demi skirt,890
801,image_00801.jpg,AIR SPACE,長 long,下半身 Bottom,,牛仔褲/裙 jeans / demi skirt,890
802,image_00802.jpg,AIR SPACE,長 long,下半身 Bottom,,牛仔褲/裙 jeans / demi skirt,890
803,image_00803.jpg,AIR SPACE,短 short,下半身 Bottom,,"休閒褲/裙 casual pants/skirt, 西裝褲、裙 dress pants、skirt",790
804,image_00804.jpg,AIR SPACE,短 short,下半身 Bottom,,"休閒褲/裙 casual pants/skirt, 西裝褲、裙 dress pants、skirt",790
805,image_00805.jpg,AIR SPACE,長 long,上半身 Top,"Shirt, 毛衣、針織衣 Sweater",,790
806,image_00806.jpg,AIR SPACE,長 long,上半身 Top,"Shirt, 針織衣 Sweater",,790
807,image_00807.jpg,AIR SPACE,長 long,上半身 Top,"背心 Vest, 毛衣、針織衣 Sweater",,690
808,image_00808.jpg,AIR SPACE,長 long,上半身 Top,"背心 Vest, 毛衣、針織衣 Sweater",,690
809,image_00809.jpg,AIR SPACE,長 long,上半身 Top,毛衣、針織衣 Sweater,,890
810,image_00810.jpg,AIR SPACE,長 long,上半身 Top,毛衣、針織衣 Sweater,,890
811,image_00811.jpg,AIR SPACE,長 long,上半身 Top,"連帽衣 Hoodie, 毛衣、針織衣 Sweater",,790
812,image_00812.jpg,AIR SPACE,長 long,上半身 Top,"連帽衣 Hoodie, 毛衣、針織衣 Sweater",,790
813,image_00813.jpg,AIR SPACE,長 long,上半身 Top,毛衣、針織衣 Sweater,,590
814,image_00814.jpg,AIR SPACE,長 long,上半身 Top,毛衣、針織衣 Sweater,,590
815,image_00815.jpg,AIR SPACE,短 short,上半身 Top,背心 Vest,,590
816,image_00816.jpg,AIR SPACE,短 short,上半身 Top,背心 Vest,,590
817,image_00817.jpg,AIR SPACE,短 short,下半身 Bottom,,"休閒褲/裙 casual pants/skirt, 西裝褲、裙 dress pants、skirt",790
818,image_00818.jpg,AIR SPACE,短 short,下半身 Bottom,,"休閒褲/裙 casual pants/skirt, 西裝褲、裙 dress pants、skirt",790
819,image_00819.jpg,AIR SPACE,短 short,洋裝 Dress,,,990
820,image_00820.jpg,AIR SPACE,短 short,洋裝 Dress,,,990
821,image_00821.jpg,AIR SPACE,短 short,洋裝 Dress,,,990
822,image_00822.jpg,AIR SPACE,短 short,洋裝 Dress,,,990
823,image_00823.jpg,AIR SPACE,長 long,上半身 Top,外套 Jacket,,790
824,image_00824.jpg,AIR SPACE,長 long,上半身 Top,外套 Jacket,,790
825,image_00825.jpg,AIR SPACE,長 long,下半身 Bottom,,休閒褲/裙 casual pants/skirt,990
826,image_00826.jpg,AIR SPACE,長 long,下半身 Bottom,,休閒褲/裙 casual pants/skirt,990
827,image_00827.jpg,AIR SPACE,長 long,下半身 Bottom,,西裝褲、裙 dress pants、skirt,990
828,image_00828.jpg,AIR SPACE,長 long,下半身 Bottom,,西裝褲、裙 dress pants、skirt,990
829,image_00829.jpg,AIR SPACE,長 long,洋裝 Dress,,,1300
830,image_00830.jpg,AIR SPACE,長 long,洋裝 Dress,,,1300
831,image_00831.jpg,AIR SPACE,短 short,洋裝 Dress,,,1100
832,image_00832.jpg,AIR SPACE,短 short,洋裝 Dress,,,1100
833,image_00833.jpg,AIR SPACE,長 long,上半身 Top,西裝 Suit,,1300
834,image_00834.jpg,AIR SPACE,長 long,上半身 Top,西裝 Suit,,1300
835,image_00835.jpg,AIR SPACE,長 long,上半身 Top,"Shirt, 背心 Vest",,990
836,image_00836.jpg,AIR SPACE,長 long,上半身 Top,"Shirt, 背心 Vest",,990
837,image_00837.jpg,AIR SPACE,長 long,上半身 Top,"背心 Vest, 毛衣、針織衣 Sweater",,1100
838,image_00838.jpg,AIR SPACE,長 long,上半身 Top,"背心 Vest, 毛衣、針織衣 Sweater",,1100
839,image_00839.jpg,GAP,長 long,上半身 Top,"T-Shirt, 毛衣、針織衣 Sweater",,1999
840,image_00840.jpg,GAP,長 long,上半身 Top,"外套 Jacket, 連帽衣 Hoodie",,2299
841,image_00841.jpg,GAP,長 long,上半身 Top,"外套 Jacket, 連帽衣 Hoodie",,2299
842,image_00842.jpg,GAP,長 long,上半身 Top,"連帽衣 Hoodie, 毛衣、針織衣 Sweater",,1999
843,image_00843.jpg,GAP,長 long,上半身 Top,"連帽衣 Hoodie, 毛衣、針織衣 Sweater",,1999
844,image_00844.jpg,GAP,長 long,上半身 Top,"連帽衣 Hoodie, 毛衣、針織衣 Sweater",,1999
845,image_00845.jpg,GAP,長 long,上半身 Top,"T-Shirt, 毛衣、針織衣 Sweater",,1999
846,image_00846.jpg,GAP,長 long,上半身 Top,"T-Shirt, 毛衣、針織衣 Sweater",,1999
847,image_00847.jpg,GAP,長 long,上半身 Top,"T-Shirt, 毛衣、針織衣 Sweater",,1999
848,image_00848.jpg,GAP,長 long,上半身 Top,"T-Shirt, 毛衣、針織衣 Sweater",,1499
849,image_00849.jpg,GAP,長 long,上半身 Top,"連帽衣 Hoodie, 毛衣、針織衣 Sweater",,1699
850,image_00850.jpg,GAP,短 short,上半身 Top,T-Shirt,,899
851,image_00851.jpg,GAP,長 long,上半身 Top,T-Shirt,,1699
852,image_00852.jpg,GAP,短 short,上半身 Top,T-Shirt,,899
853,image_00853.jpg,GAP,長 long,上半身 Top,"外套 Jacket, 連帽衣 Hoodie",,1999
854,image_00854.jpg,GAP,長 long,上半身 Top,T-Shirt,,1699
855,image_00855.jpg,GAP,長 long,上半身 Top,T-Shirt,,1299
856,image_00856.jpg,GAP,長 long,上半身 Top,T-Shirt,,1299
857,image_00857.jpg,GAP,長 long,上半身 Top,T-Shirt,,999
858,image_00858.jpg,GAP,長 long,上半身 Top,Shirt,,1999
859,image_00859.jpg,GAP,長 long,上半身 Top,"外套 Jacket, 連帽衣 Hoodie",,1699
860,image_00860.jpg,GAP,長 long,上半身 Top,"外套 Jacket, 連帽衣 Hoodie",,1699
861,image_00861.jpg,GAP,長 long,上半身 Top,"外套 Jacket, 連帽衣 Hoodie",,1699
862,image_00862.jpg,GAP,長 long,上半身 Top,Shirt,,1999
863,image_00863.jpg,GAP,長 long,下半身 Bottom,,牛仔褲/裙 jeans / demi skirt,1999
864,image_00864.jpg,GAP,短 short,上半身 Top,T-Shirt,,899
865,image_00865.jpg,GAP,短 short,上半身 Top,T-Shirt,,899
866,image_00866.jpg,GAP,短 short,上半身 Top,T-Shirt,,899
867,image_00867.jpg,GAP,短 short,上半身 Top,T-Shirt,,899
868,image_00868.jpg,GAP,短 short,上半身 Top,T-Shirt,,899
869,image_00869.jpg,GAP,短 short,上半身 Top,T-Shirt,,698
870,image_00870.jpg,GAP,短 short,上半身 Top,T-Shirt,,798
871,image_00871.jpg,GAP,短 short,上半身 Top,T-Shirt,,448
872,image_00872.jpg,GAP,短 short,上半身 Top,T-Shirt,,498
873,image_00873.jpg,GAP,長 long,上半身 Top,Shirt,,898
874,image_00874.jpg,GAP,長 long,上半身 Top,Shirt,,898
875,image_00875.jpg,GAP,短 short,下半身 Bottom,,休閒褲/裙 casual pants/skirt,1499
876,image_00876.jpg,GAP,長 long,上半身 Top,連帽衣 Hoodie,,1999
877,image_00877.jpg,GAP,長 long,上半身 Top,"外套 Jacket, 毛衣、針織衣 Sweater",,808
878,image_00878.jpg,GAP,長 long,上半身 Top,"外套 Jacket, 毛衣、針織衣 Sweater",,808
879,image_00879.jpg,GAP,長 long,上半身 Top,"外套 Jacket, 毛衣、針織衣 Sweater",,898
880,image_00880.jpg,GAP,長 long,上半身 Top,連帽衣 Hoodie,,1699
881,image_00881.jpg,GAP,長 long,上半身 Top,連帽衣 Hoodie,,1699
882,image_00882.jpg,GAP,長 long,上半身 Top,連帽衣 Hoodie,,1699
883,image_00883.jpg,GAP,長 long,上半身 Top,連帽衣 Hoodie,,2699
884,image_00884.jpg,GAP,長 long,上半身 Top,連帽衣 Hoodie,,2699
885,image_00885.jpg,GAP,長 long,上半身 Top,連帽衣 Hoodie,,1999
886,image_00886.jpg,GAP,長 long,上半身 Top,"外套 Jacket, 毛衣、針織衣 Sweater",,2699
887,image_00887.jpg,GAP,長 long,上半身 Top,T-Shirt,,999
888,image_00888.jpg,GAP,長 long,上半身 Top,T-Shirt,,1999
889,image_00889.jpg,GAP,短 short,下半身 Bottom,,休閒褲/裙 casual pants/skirt,1299
890,image_00890.jpg,GAP,長 long,上半身 Top,"外套 Jacket, 連帽衣 Hoodie",,898
891,image_00891.jpg,GAP,短 short,下半身 Bottom,,休閒褲/裙 casual pants/skirt,1299
892,image_00892.jpg,GAP,長 long,上半身 Top,"外套 Jacket, 連帽衣 Hoodie",,898
893,image_00893.jpg,GAP,長 long,上半身 Top,"外套 Jacket, 連帽衣 Hoodie",,808
894,image_00894.jpg,GAP,長 long,下半身 Bottom,,休閒褲/裙 casual pants/skirt,1499
895,image_00895.jpg,GAP,長 long,下半身 Bottom,,吊帶褲/裙 overalls/jumper skirt,2699
896,image_00896.jpg,GAP,長 long,下半身 Bottom,,"牛仔褲/裙 jeans / demi skirt, 吊帶褲/裙 overalls/jumper skirt",2699
897,image_00897.jpg,GAP,長 long,下半身 Bottom,,"工裝褲/裙 cargo pants/skirt, 吊帶褲/裙 overalls/jumper skirt",2799
898,image_00898.jpg,GAP,長 long,下半身 Bottom,,"牛仔褲/裙 jeans / demi skirt, 吊帶褲/裙 overalls/jumper skirt",2699
899,image_00899.jpg,GAP,長 long,下半身 Bottom,,"牛仔褲/裙 jeans / demi skirt, 吊帶褲/裙 overalls/jumper skirt",2699
900,image_00900.jpg,GAP,長 long,下半身 Bottom,,休閒褲/裙 casual pants/skirt,2699
901,image_00901.jpg,GAP,長 long,下半身 Bottom,,休閒褲/裙 casual pants/skirt,1499
902,image_00902.jpg,GAP,長 long,下半身 Bottom,,休閒褲/裙 casual pants/skirt,2699
903,image_00903.jpg,GAP,長 long,下半身 Bottom,,牛仔褲/裙 jeans / demi skirt,1999
904,image_00904.jpg,GAP,長 long,下半身 Bottom,,休閒褲/裙 casual pants/skirt,1999
905,image_00905.jpg,GAP,長 long,下半身 Bottom,,休閒褲/裙 casual pants/skirt,1999
906,image_00906.jpg,GAP,長 long,下半身 Bottom,,休閒褲/裙 casual pants/skirt,1999
907,image_00907.jpg,GAP,長 long,下半身 Bottom,,休閒褲/裙 casual pants/skirt,1999
908,image_00908.jpg,GAP,長 long,下半身 Bottom,,工裝褲/裙 cargo pants/skirt,1398
909,image_00909.jpg,GAP,長 long,下半身 Bottom,,工裝褲/裙 cargo pants/skirt,1198
910,image_00910.jpg,GAP,長 long,下半身 Bottom,,工裝褲/裙 cargo pants/skirt,1198
911,image_00911.jpg,GAP,長 long,下半身 Bottom,,工裝褲/裙 cargo pants/skirt,898
912,image_00912.jpg,GAP,長 long,下半身 Bottom,,休閒褲/裙 casual pants/skirt,1699
913,image_00913.jpg,GAP,長 long,下半身 Bottom,,牛仔褲/裙 jeans / demi skirt,1699
914,image_00914.jpg,GAP,長 long,下半身 Bottom,,休閒褲/裙 casual pants/skirt,1699
915,image_00915.jpg,GAP,長 long,下半身 Bottom,,百褶裙 pleated skirt,2699
916,image_00916.jpg,GAP,長 long,下半身 Bottom,,西裝褲、裙 dress pants、skirt,2699
917,image_00917.jpg,GAP,長 long,下半身 Bottom,,百褶裙 pleated skirt,2299
918,image_00918.jpg,GAP,長 long,下半身 Bottom,,工裝褲/裙 cargo pants/skirt,1999
919,image_00919.jpg,GAP,長 long,下半身 Bottom,,工裝褲/裙 cargo pants/skirt,1999
920,image_00920.jpg,GAP,長 long,下半身 Bottom,,"休閒褲/裙 casual pants/skirt, 百褶裙 pleated skirt",1499
921,image_00921.jpg,GAP,長 long,下半身 Bottom,,"休閒褲/裙 casual pants/skirt, 百褶裙 pleated skirt",1499
922,image_00922.jpg,GAP,長 long,下半身 Bottom,,"休閒褲/裙 casual pants/skirt, 百褶裙 pleated skirt",1499
923,image_00923.jpg,GAP,長 long,下半身 Bottom,,百褶裙 pleated skirt,1699
924,image_00924.jpg,GAP,長 long,下半身 Bottom,,休閒褲/裙 casual pants/skirt,1499
925,image_00925.jpg,GAP,長 long,下半身 Bottom,,牛仔褲/裙 jeans / demi skirt,1999
926,image_00926.jpg,GAP,長 long,下半身 Bottom,,百褶裙 pleated skirt,1699
927,image_00927.jpg,GAP,長 long,下半身 Bottom,,百褶裙 pleated skirt,1699
928,image_00928.jpg,GAP,長 long,下半身 Bottom,,休閒褲/裙 casual pants/skirt,1999
929,image_00929.jpg,GAP,短 short,下半身 Bottom,,牛仔褲/裙 jeans / demi skirt,1699
930,image_00930.jpg,GAP,短 short,下半身 Bottom,,牛仔褲/裙 jeans / demi skirt,1699
931,image_00931.jpg,GAP,短 short,下半身 Bottom,,牛仔褲/裙 jeans / demi skirt,1699
932,image_00932.jpg,GAP,短 short,下半身 Bottom,,百褶裙 pleated skirt,1499
933,image_00933.jpg,GAP,短 short,下半身 Bottom,,百褶裙 pleated skirt,1499
934,image_00934.jpg,GAP,短 short,下半身 Bottom,,工裝褲/裙 cargo pants/skirt,1699
935,image_00935.jpg,GAP,短 short,下半身 Bottom,,工裝褲/裙 cargo pants/skirt,1699
936,image_00936.jpg,GAP,短 short,下半身 Bottom,,工裝褲/裙 cargo pants/skirt,1699
937,image_00937.jpg,GAP,短 short,下半身 Bottom,,百褶裙 pleated skirt,1699
938,image_00938.jpg,GAP,短 short,下半身 Bottom,,百褶裙 pleated skirt,1699
939,image_00939.jpg,GAP,短 short,下半身 Bottom,,百褶裙 pleated skirt,1499
940,image_00940.jpg,GAP,短 short,下半身 Bottom,,百褶裙 pleated skirt,1499
941,image_00941.jpg,GAP,短 short,下半身 Bottom,,工裝褲/裙 cargo pants/skirt,998
942,image_00942.jpg,GAP,短 short,下半身 Bottom,,工裝褲/裙 cargo pants/skirt,898
943,image_00943.jpg,GAP,短 short,下半身 Bottom,,工裝褲/裙 cargo pants/skirt,1699
944,image_00944.jpg,GAP,短 short,下半身 Bottom,,百褶裙 pleated skirt,1999
945,image_00945.jpg,GAP,短 short,下半身 Bottom,,百褶裙 pleated skirt,1699
946,image_00946.jpg,GAP,短 short,下半身 Bottom,,百褶裙 pleated skirt,1699
947,image_00947.jpg,GAP,短 short,上半身 Top,Shirt,,1499
948,image_00948.jpg,GAP,短 short,上半身 Top,Shirt,,1499
949,image_00949.jpg,GAP,短 short,上半身 Top,Shirt,,1999
950,image_00950.jpg,GAP,短 short,上半身 Top,Shirt,,1999
951,image_00951.jpg,GAP,短 short,上半身 Top,Shirt,,2299
952,image_00952.jpg,GAP,短 short,上半身 Top,Shirt,,2299
953,image_00953.jpg,GAP,短 short,上半身 Top,Shirt,,1499
954,image_00954.jpg,GAP,長 long,上半身 Top,Shirt,,1499
955,image_00955.jpg,GAP,長 long,上半身 Top,Shirt,,1999
956,image_00956.jpg,GAP,長 long,上半身 Top,Shirt,,1999
957,image_00957.jpg,GAP,長 long,上半身 Top,Shirt,,2299
958,image_00958.jpg,GAP,長 long,上半身 Top,Shirt,,1499
959,image_00959.jpg,GAP,長 long,上半身 Top,Shirt,,2299
960,image_00960.jpg,GAP,長 long,上半身 Top,Shirt,,1699
961,image_00961.jpg,GAP,長 long,上半身 Top,Shirt,,1699
962,image_00962.jpg,GAP,長 long,上半身 Top,Shirt,,1699
963,image_00963.jpg,GAP,長 long,上半身 Top,Shirt,,1499
964,image_00964.jpg,GAP,長 long,上半身 Top,Shirt,,1999
965,image_00965.jpg,GAP,長 long,上半身 Top,Shirt,,1699
966,image_00966.jpg,GAP,長 long,上半身 Top,Shirt,,1699
967,image_00967.jpg,GAP,長 long,上半身 Top,Shirt,,1699
968,image_00968.jpg,GAP,長 long,上半身 Top,Shirt,,1699
969,image_00969.jpg,GAP,短 short,上半身 Top,T-Shirt,,1299
970,image_00970.jpg,GAP,短 short,上半身 Top,背心 Vest,,798
971,image_00971.jpg,GAP,短 short,上半身 Top,背心 Vest,,698
972,image_00972.jpg,GAP,短 short,上半身 Top,背心 Vest,,699
973,image_00973.jpg,GAP,短 short,上半身 Top,背心 Vest,,699
974,image_00974.jpg,GAP,短 short,上半身 Top,背心 Vest,,699
975,image_00975.jpg,GAP,短 short,上半身 Top,背心 Vest,,1699
976,image_00976.jpg,GAP,短 short,上半身 Top,背心 Vest,,1699
977,image_00977.jpg,GAP,短 short,上半身 Top,背心 Vest,,799
978,image_00978.jpg,GAP,短 short,上半身 Top,背心 Vest,,799
979,image_00979.jpg,GAP,短 short,上半身 Top,"背心 Vest, 毛衣、針織衣 Sweater",,1499
980,image_00980.jpg,GAP,短 short,上半身 Top,背心 Vest,,1299
981,image_00981.jpg,GAP,短 short,上半身 Top,背心 Vest,,1499
982,image_00982.jpg,GAP,短 short,上半身 Top,背心 Vest,,999
983,image_00983.jpg,GAP,短 short,上半身 Top,背心 Vest,,1299
984,image_00984.jpg,GAP,長 long,上半身 Top,"外套 Jacket, 羽絨衣 Down coat / jacket",,3999
985,image_00985.jpg,GAP,長 long,上半身 Top,"外套 Jacket, 羽絨衣 Down coat / jacket",,3999
986,image_00986.jpg,GAP,短 short,上半身 Top,"背心 Vest, 羽絨衣 Down coat / jacket",,2999
987,image_00987.jpg,GAP,短 short,上半身 Top,"背心 Vest, 羽絨衣 Down coat / jacket",,2999
988,image_00988.jpg,GAP,長 long,上半身 Top,"外套 Jacket, 羽絨衣 Down coat / jacket",,2799
989,image_00989.jpg,GAP,長 long,上半身 Top,"外套 Jacket, 羽絨衣 Down coat / jacket",,2799
990,image_00990.jpg,GAP,長 long,上半身 Top,"外套 Jacket, 連帽衣 Hoodie, 羽絨衣 Down coat / jacket",,4499
991,image_00991.jpg,GAP,長 long,上半身 Top,"外套 Jacket, 連帽衣 Hoodie, 羽絨衣 Down coat / jacket",,3999
992,image_00992.jpg,GAP,長 long,下半身 Bottom,,休閒褲/裙 casual pants/skirt,1999
993,image_00993.jpg,GAP,長 long,下半身 Bottom,,休閒褲/裙 casual pants/skirt,1699
994,image_00994.jpg,GAP,長 long,下半身 Bottom,,休閒褲/裙 casual pants/skirt,1699
995,image_00995.jpg,GAP,長 long,下半身 Bottom,,西裝褲、裙 dress pants、skirt,1999
996,image_00996.jpg,GAP,長 long,下半身 Bottom,,西裝褲、裙 dress pants、skirt,1999
997,image_00997.jpg,GAP,長 long,下半身 Bottom,,休閒褲/裙 casual pants/skirt,1499
998,image_00998.jpg,GAP,長 long,下半身 Bottom,,休閒褲/裙 casual pants/skirt,1499
999,image_00999.jpg,GAP,長 long,下半身 Bottom,,緊身褲 leggings,1499
1000,image_01000.jpg,GAP,長 long,下半身 Bottom,,西裝褲、裙 dress pants、skirt,1999
1001,image_01001.jpg,GAP,長 long,下半身 Bottom,,休閒褲/裙 casual pants/skirt,1499
1002,image_01002.jpg,GAP,長 long,下半身 Bottom,,工裝褲/裙 cargo pants/skirt,1999
1003,image_01003.jpg,GAP,長 long,下半身 Bottom,,休閒褲/裙 casual pants/skirt,718
1004,image_01004.jpg,GAP,長 long,下半身 Bottom,,運動褲/裙 sweat pants / sports skirt,1499
1005,image_01005.jpg,GAP,長 long,下半身 Bottom,,休閒褲/裙 casual pants/skirt,808
1006,image_01006.jpg,GAP,長 long,下半身 Bottom,,西裝褲、裙 dress pants、skirt,648
1007,image_01007.jpg,GAP,長 long,下半身 Bottom,,西裝褲、裙 dress pants、skirt,493
1008,image_01008.jpg,GAP,長 long,下半身 Bottom,,緊身褲 leggings,1299
1009,image_01009.jpg,GAP,長 long,下半身 Bottom,,西裝褲、裙 dress pants、skirt,2699
1010,image_01010.jpg,GAP,長 long,下半身 Bottom,,休閒褲/裙 casual pants/skirt,898
1011,image_01011.jpg,GAP,長 long,下半身 Bottom,,西裝褲、裙 dress pants、skirt,2299
1012,image_01012.jpg,GAP,長 long,下半身 Bottom,,休閒褲/裙 casual pants/skirt,798
1013,image_01013.jpg,GAP,長 long,下半身 Bottom,,休閒褲/裙 casual pants/skirt,898
1014,image_01014.jpg,GAP,長 long,上半身 Top,毛衣、針織衣 Sweater,,1499
1015,image_01015.jpg,GAP,長 long,上半身 Top,"T-Shirt, 毛衣、針織衣 Sweater",,1499
1016,image_01016.jpg,GAP,長 long,上半身 Top,毛衣、針織衣 Sweater,,1699
1017,image_01017.jpg,GAP,長 long,上半身 Top,"T-Shirt, 毛衣、針織衣 Sweater",,1699
1018,image_01018.jpg,GAP,長 long,上半身 Top,毛衣、針織衣 Sweater,,1999
1019,image_01019.jpg,GAP,長 long,上半身 Top,"T-Shirt, 毛衣、針織衣 Sweater",,1699
1020,image_01020.jpg,GAP,長 long,上半身 Top,"T-Shirt, 毛衣、針織衣 Sweater",,1699
1021,image_01021.jpg,GAP,長 long,上半身 Top,毛衣、針織衣 Sweater,,1699
1022,image_01022.jpg,GAP,長 long,上半身 Top,毛衣、針織衣 Sweater,,1699
1023,image_01023.jpg,GAP,長 long,上半身 Top,毛衣、針織衣 Sweater,,1699
1024,image_01024.jpg,GAP,長 long,上半身 Top,"T-Shirt, 毛衣、針織衣 Sweater",,1699
1025,image_01025.jpg,GAP,長 long,上半身 Top,"T-Shirt, 毛衣、針織衣 Sweater",,1699
1026,image_01026.jpg,GAP,長 long,上半身 Top,"外套 Jacket, 毛衣、針織衣 Sweater",,1999
1027,image_01027.jpg,GAP,短 short,上半身 Top,"外套 Jacket, 西裝 Suit",,2299
1028,image_01028.jpg,GAP,短 short,上半身 Top,"外套 Jacket, 西裝 Suit",,2299
1029,image_01029.jpg,GAP,短 short,上半身 Top,Shirt,,899
1030,image_01030.jpg,GAP,短 short,上半身 Top,Shirt,,498
1031,image_01031.jpg,GAP,短 short,上半身 Top,Shirt,,448
1032,image_01032.jpg,GAP,短 short,上半身 Top,Shirt,,898
1033,image_01033.jpg,GAP,短 short,上半身 Top,"Shirt, 毛衣、針織衣 Sweater",,808
1034,image_01034.jpg,GAP,短 short,上半身 Top,"Shirt, 毛衣、針織衣 Sweater",,1299
1035,image_01035.jpg,GAP,短 short,上半身 Top,T-Shirt,,1299
1036,image_01036.jpg,GAP,短 short,上半身 Top,T-Shirt,,1299
1037,image_01037.jpg,GAP,短 short,上半身 Top,T-Shirt,,899
1038,image_01038.jpg,GAP,短 short,上半身 Top,T-Shirt,,899
1039,image_01039.jpg,GAP,短 short,上半身 Top,T-Shirt,,899
